Name,Team,Pos,GP,G,A,P,+/-,PIM,P/GP,PPG,PPP,SHG,SHP,GWG,OTG,S,S%,TOI/GP,Shifts/GP,FOW%
Justin Abdelkader,DET,L,75,13,22,35,-11,78,0.47,4,9,0,0,0,0,110,11.8,16:33,22.2,48.4
Pontus Aberg,NSH,L,53,4,12,16,9,10,0.3,0,1,0,0,3,0,70,5.7,12:10,16.6,33.3
Noel Acciari,BOS,C,60,10,1,11,-6,9,0.18,0,0,1,1,0,0,66,15.2,12:55,17.3,45.2
Kenny Agostino,BOS,L,5,0,1,1,-1,4,0.2,0,1,0,0,0,0,11,0,12:03,15.8,0
Sebastian Aho,CAR,R,78,29,36,65,4,24,0.83,8,16,0,0,4,0,200,14.5,17:55,22.2,45.3
Sebastian Aho,NYI,D,22,1,3,4,-5,6,0.18,1,1,0,0,0,0,24,4.2,16:15,19.7,0
Mark Alt,PHI,D,15,0,0,0,-1,2,--,0,0,0,0,0,0,11,0,12:27,17,0
Karl Alzner,MTL,D,82,1,11,12,-7,40,0.15,0,0,0,1,0,0,84,1.2,20:05,27.2,0
Michael Amadio,LAK,C,37,4,4,8,-2,8,0.22,1,3,0,0,0,0,28,14.3,9:19,13.2,43.5
Josh Anderson,CBJ,R,63,19,11,30,-1,42,0.48,1,4,0,0,5,2,188,10.1,18:02,22.5,41.9
Lias Andersson,NYR,C,7,1,1,2,1,0,0.29,0,0,0,0,0,0,5,20,11:57,17,40.4
Rasmus Andersson,CGY,D,10,0,0,0,-1,4,--,0,0,0,0,0,0,8,0,15:26,20.7,0
Andy Andreoff,LAK,C,45,3,6,9,-6,50,0.2,0,0,0,0,2,0,47,6.4,9:23,13.3,45.3
Sven Andrighetto,COL,R,50,8,14,22,-15,10,0.44,3,9,0,0,2,0,111,7.2,14:29,18.5,31.8
Artem Anisimov,CHI,C,72,20,11,31,-17,22,0.43,11,12,1,1,6,0,130,15.4,16:47,21.8,45.7
Victor Antipin,BUF,D,47,0,10,10,-9,18,0.21,0,1,0,0,0,0,40,0,15:17,20.5,0
Josh Archibald,PIT,R,42,5,6,11,-2,25,0.26,0,0,0,0,0,0,42,11.9,11:57,18.1,38.5
Darren Archibald,VAN,R,27,4,5,9,-1,14,0.33,0,0,1,1,0,0,28,14.3,14:52,21.7,0
Joel Armia,WPG,R,79,12,17,29,3,22,0.37,0,4,1,2,2,0,128,9.4,12:36,18,46.7
Viktor Arvidsson,NSH,L,78,29,32,61,20,36,0.78,3,8,3,3,6,1,247,11.7,17:45,24.1,33.3
Zach Aston-Reese,PIT,C,16,4,2,6,2,2,0.38,0,0,0,0,1,0,20,20,11:23,17,16.7
Andreas Athanasiou,DET,L,71,16,17,33,-15,16,0.46,1,3,0,0,2,1,170,9.4,15:19,20.6,41.6
Cam Atkinson,CBJ,R,65,24,22,46,19,14,0.71,3,10,1,1,5,1,231,10.4,18:54,23.7,32.3
Justin Auger,LAK,R,2,0,0,0,-1,0,--,0,0,0,0,0,0,1,0,8:00,11,0
Yohann Auvitu,EDM,D,33,3,6,9,4,8,0.27,0,0,0,0,0,0,69,4.3,13:33,18.9,0
David Backes,BOS,R,57,14,19,33,2,53,0.58,2,6,0,1,1,0,160,8.8,15:24,19.5,51.6
Mikael Backlund,CGY,C,82,14,31,45,-21,78,0.55,3,11,1,3,2,0,214,6.5,19:01,22.8,50
Nicklas Backstrom,WSH,C,81,21,50,71,5,46,0.88,7,26,0,0,4,1,165,12.7,19:40,22.4,51.2
Sven Baertschi,VAN,L,53,14,15,29,3,20,0.55,7,9,0,0,2,1,82,17.1,15:36,21.8,14.3
Josh Bailey,NYI,R,76,18,53,71,-20,17,0.93,5,31,0,0,3,1,151,11.9,17:53,20.3,22
Justin Bailey,BUF,R,12,3,1,4,-2,2,0.33,0,0,0,0,0,0,19,15.8,11:17,16.1,0
Chase Balisy,FLA,C,8,0,0,0,-2,0,--,0,0,0,0,0,0,6,0,9:49,15.4,36.7
Nicholas Baptiste,BUF,R,33,4,2,6,-4,14,0.18,0,1,0,0,1,0,45,8.9,9:58,15.2,22.2
Ivan Barbashev,STL,C,53,7,6,13,-1,4,0.25,0,0,0,0,1,0,45,15.6,12:12,16.3,38.4
Mark Barberio,COL,D,46,3,10,13,6,31,0.28,0,1,1,2,1,0,52,5.8,17:17,23.2,0
Aleksander Barkov,FLA,C,79,27,51,78,9,14,0.99,5,17,5,5,3,0,256,10.5,22:04,27.3,53.5
Tyson Barrie,COL,D,68,14,43,57,-15,22,0.84,7,30,0,0,3,0,178,7.9,22:42,26.1,0
Matt Bartkowski,CGY,D,18,0,3,3,-3,4,0.17,0,0,0,0,0,0,21,0,13:21,16.8,0
Mathew Barzal,NYI,C,82,22,63,85,1,30,1.04,5,27,0,0,4,1,170,12.9,17:46,19.3,42.6
Jay Beagle,WSH,C,79,7,15,22,3,16,0.28,0,0,1,1,2,0,65,10.8,12:27,18,58.5
Ethan Bear,EDM,D,18,1,3,4,-11,10,0.22,1,2,0,0,0,0,20,5,18:38,23.2,0
Francois Beauchemin,ANA,D,67,3,14,17,12,26,0.25,0,2,0,1,0,0,93,3.2,17:19,21.1,0
Nathan Beaulieu,BUF,D,59,1,8,9,-19,36,0.15,0,1,0,0,0,0,67,1.5,15:57,20.5,0
Anthony Beauvillier,NYI,C,71,21,15,36,2,16,0.51,3,8,0,0,2,0,132,15.9,14:32,17.8,43.4
Matt Beleskey,BOS,L,15,0,0,0,-9,21,--,0,0,0,0,0,0,17,0,10:58,15.3,22.2
Pierre-Edouard Bellemare,VGK,L,72,6,10,16,5,14,0.22,0,0,0,0,1,0,92,6.5,12:20,16.4,51.1
Louie Belpedio,MIN,D,1,0,2,2,1,0,2,0,0,0,0,0,0,0,0,15:47,21,0
Jamie Benn,DAL,L,82,36,43,79,20,54,0.96,9,22,1,2,7,1,241,14.9,19:49,28.9,52.5
Jordie Benn,MTL,D,77,4,11,15,-2,34,0.19,0,0,0,0,0,0,106,3.8,18:58,27,0
Sam Bennett,CGY,C,82,11,15,26,-18,59,0.32,1,3,0,0,1,0,157,7,14:24,18.3,54.3
Beau Bennett,STL,R,6,0,0,0,-2,0,--,0,0,0,0,0,0,6,0,10:48,15.3,33.3
Matt Benning,EDM,D,73,6,15,21,5,49,0.29,0,2,0,1,2,0,111,5.4,17:17,24,0
Patrice Bergeron,BOS,C,64,30,33,63,21,26,0.98,10,21,2,3,6,0,224,13.4,19:26,24.6,57.3
Patrik Berglund,STL,C,57,17,9,26,-5,30,0.46,3,6,1,1,4,1,112,15.2,16:09,21.9,55.1
Steve Bernier,NYI,R,4,0,0,0,-2,0,--,0,0,0,0,0,0,4,0,10:03,13.3,50
Christoph Bertschy,MIN,C,1,0,0,0,1,4,--,0,0,0,0,0,0,0,0,5:23,9,0
Tyler Bertuzzi,DET,L,48,7,17,24,-7,39,0.5,1,2,0,0,1,0,83,8.4,14:24,18.8,12.5
Alex Biega,VAN,D,44,1,8,9,3,32,0.2,0,0,0,1,1,0,79,1.3,15:01,19.6,0
Kevin Bieksa,ANA,D,59,0,8,8,-13,83,0.14,0,2,0,0,0,0,66,0,18:01,21.2,0
Chris Bigras,COL,D,15,0,1,1,-2,2,0.07,0,0,0,0,0,0,8,0,13:52,18.9,0
Anthony Bitetto,NSH,D,32,1,2,3,-1,27,0.09,0,0,0,0,1,0,25,4,13:26,18.6,0
Anders Bjork,BOS,L,30,4,8,12,2,6,0.4,2,3,0,0,0,0,30,13.3,12:21,16.3,50
Oliver Bjorkstrand,CBJ,R,82,11,29,40,4,9,0.49,3,9,0,0,2,0,163,6.7,14:18,18.1,12.5
Nick Bjugstad,FLA,C,82,19,30,49,5,41,0.6,1,7,0,0,1,0,230,8.3,15:07,20.6,51
Sammy Blais,STL,L,11,1,2,3,1,6,0.27,1,1,0,0,0,0,9,11.1,10:46,14,0
Joseph Blandisi,ANA,C,3,0,0,0,2,2,--,0,0,0,0,0,0,4,0,11:41,17,0
Anton Blidh,BOS,L,1,0,0,0,0,0,--,0,0,0,0,0,0,0,0,10:23,12,0
Mike Blunden,OTT,R,1,0,0,0,0,0,--,0,0,0,0,0,0,1,0,6:31,10,0
Mikkel Boedker,SJS,L,74,15,22,37,0,12,0.5,4,8,0,0,4,0,119,12.6,13:21,18.8,26.3
Brock Boeser,VAN,R,62,29,26,55,-5,16,0.89,10,23,0,0,4,0,179,16.2,17:30,22.5,25.6
Zach Bogosian,BUF,D,18,0,1,1,-9,20,0.06,0,0,0,0,0,0,29,0,19:09,25.4,0
Jared Boll,ANA,R,10,1,0,1,0,16,0.1,0,0,0,0,0,0,4,25,4:26,7.3,0
Nick Bonino,NSH,C,71,12,13,25,4,20,0.35,0,0,0,0,0,0,83,14.4,15:38,23.6,54.3
David Booth,DET,L,28,4,1,5,-5,10,0.18,0,1,0,0,0,0,33,12.1,6:58,10.4,40
Andreas Borgman,TOR,D,48,3,8,11,4,28,0.23,0,0,0,0,0,0,46,6.5,13:41,20,0
Henrik Borgstrom,FLA,C,4,1,0,1,-1,0,0.25,0,0,0,0,0,0,6,16.7,12:40,18,40.5
Mark Borowiecki,OTT,D,52,3,8,11,-6,64,0.21,0,0,0,0,0,0,66,4.5,14:39,21.4,0
Robert Bortuzzo,STL,D,72,4,9,13,11,41,0.18,0,0,0,0,1,0,76,5.3,14:48,21.6,0
Reid Boucher,VAN,C,20,3,2,5,-12,0,0.25,1,2,0,0,1,0,37,8.1,11:23,17,33.3
Lance Bouma,CHI,L,53,3,6,9,1,36,0.17,0,1,0,0,1,0,56,5.3,10:39,15.8,42.4
Michael Bournival,TBL,L,5,0,0,0,0,0,--,0,0,0,0,0,0,5,0,9:21,13.2,0
Gabriel Bourque,COL,L,58,5,6,11,-6,12,0.19,0,0,0,0,1,0,44,11.4,10:54,15,30.4
Jay Bouwmeester,STL,D,35,2,5,7,5,16,0.2,0,0,0,0,0,0,45,4.4,20:08,24.3,0
Madison Bowey,WSH,D,51,0,12,12,-3,24,0.24,0,0,0,0,0,0,47,0,13:43,16.9,0
Johnny Boychuk,NYI,D,58,6,12,18,-8,30,0.31,2,2,0,0,3,0,141,4.3,20:12,24.4,0
Travis Boyd,WSH,C,8,0,1,1,2,2,0.13,0,0,0,0,0,0,2,0,8:50,12.5,50
Brian Boyle,NJD,C,69,13,10,23,-9,45,0.33,5,7,0,0,2,0,120,10.8,13:17,17.1,50.5
Tyler Bozak,TOR,C,81,11,32,43,6,28,0.53,3,13,0,0,2,0,154,7.1,15:39,21.6,53.6
Derick Brassard,OTT,C,72,21,25,46,0,34,0.64,5,6,0,0,3,0,197,10.7,17:44,23,49.1
Jesper Bratt,NJD,L,74,13,22,35,-16,18,0.47,4,12,1,2,2,0,100,13,15:15,20.5,63.6
Justin Braun,SJS,D,81,5,28,33,7,28,0.41,0,0,0,0,0,0,115,4.3,21:20,25.7,0
Connor Brickley,FLA,L,44,4,8,12,-6,19,0.27,0,0,0,0,2,0,62,6.5,11:53,17.2,18.8
Daniel Brickley,LAK,D,1,0,1,1,1,0,1,0,0,0,0,0,0,0,0,10:48,14,0
Alex Broadhurst,CBJ,C,2,0,0,0,0,2,--,0,0,0,0,0,0,1,0,10:03,12.5,0
TJ Brodie,CGY,D,73,4,28,32,-16,18,0.44,1,11,0,0,0,0,118,3.4,23:41,27.3,0
Jonas Brodin,MIN,D,73,6,15,21,23,30,0.29,0,3,0,0,1,0,77,7.8,21:36,25.2,0
Kyle Brodziak,STL,C,81,10,23,33,13,33,0.41,0,0,1,3,2,0,113,8.8,13:28,19.9,52.1
Jonny Brodzinski,LAK,R,35,4,2,6,4,6,0.17,0,0,0,0,1,0,53,7.5,9:30,13.7,40
Troy Brouwer,CGY,R,76,6,16,22,-7,53,0.29,0,5,0,1,0,0,79,7.6,13:56,18.6,46.5
Dustin Brown,LAK,R,81,28,33,61,31,58,0.75,9,15,1,1,6,3,222,12.6,19:50,24.9,37
Connor Brown,TOR,R,82,14,14,28,0,18,0.34,1,2,1,1,2,0,119,11.8,15:01,21.8,38.8
J.T. Brown,TBL,R,47,2,5,7,-5,24,0.15,0,0,0,0,1,0,40,5,9:04,13.1,43.6
Logan Brown,OTT,C,4,0,1,1,0,0,0.25,0,0,0,0,0,0,4,0,8:08,10.8,33.3
Pavel Buchnevich,NYR,R,74,14,29,43,-3,20,0.58,5,17,0,0,4,0,136,10.3,15:01,20.3,26.1
Andre Burakovsky,WSH,L,56,12,13,25,3,27,0.45,2,4,0,0,5,1,84,14.3,13:50,16.6,54.5
Erik Burgdoerfer,OTT,D,2,0,1,1,2,0,0.5,0,0,0,0,0,0,2,0,13:25,19,0
Alexander Burmistrov,VAN,C,24,2,4,6,-5,12,0.25,1,2,0,0,0,0,18,11.1,11:59,16.3,48.1
Brent Burns,SJS,D,82,12,55,67,-16,46,0.82,5,27,0,1,2,1,332,3.6,25:15:00,27.7,0
Alexandre Burrows,OTT,R,71,6,8,14,-8,59,0.2,2,3,0,0,2,0,90,6.7,11:41,16.9,26.7
Will Butcher,NJD,D,81,5,39,44,1,8,0.54,3,23,0,0,1,0,88,5.7,16:04,20.7,0
Chris Butler,STL,D,6,0,0,0,1,2,--,0,0,0,0,0,0,2,0,13:18,17.2,0
Dustin Byfuglien,WPG,D,69,8,37,45,15,112,0.65,4,22,0,1,1,0,193,4.1,24:20:00,25,0
Paul Byron,MTL,L,82,20,15,35,-4,23,0.43,2,4,1,2,1,0,115,17.4,16:08,22.3,37
Drake Caggiula,EDM,L,67,13,7,20,-13,37,0.3,3,3,1,1,1,0,104,12.5,13:33,17.9,20.8
Ryan Callahan,TBL,R,67,5,13,18,-4,29,0.27,1,2,1,2,0,0,104,4.8,13:19,18.5,40.9
Matt Calvert,CBJ,L,69,9,15,24,-10,33,0.35,1,1,2,2,0,0,108,8.3,13:23,18.4,34.1
Michael Cammalleri,LAK,L,66,7,22,29,-3,18,0.44,3,4,0,0,0,0,128,5.5,13:46,17.8,53.5
Kyle Capobianco,ARI,D,1,0,0,0,-1,0,--,0,0,0,0,0,0,0,0,13:33,21,0
Paul Carey,NYR,C,60,7,7,14,-13,20,0.23,1,1,1,1,1,0,51,13.7,10:16,15.2,46.3
Brandon Carlo,BOS,D,76,0,6,6,10,45,0.08,0,0,0,1,0,0,76,0,19:14,24.4,100
John Carlson,WSH,D,82,15,53,68,0,32,0.83,4,32,0,0,4,1,237,6.3,24:47:00,26.4,0
Gabriel Carlsson,CBJ,D,14,0,2,2,0,4,0.14,0,0,0,0,0,0,18,0,11:20,14.9,0
Ryan Carpenter,SJS,C,52,9,6,15,1,11,0.29,0,0,1,1,2,0,85,10.6,12:36,17,50.2
Daniel Carr,MTL,L,38,6,10,16,2,8,0.42,2,3,0,0,0,0,52,11.5,12:08,15.9,17.6
Connor Carrick,TOR,D,47,4,8,12,5,27,0.26,1,2,0,0,3,0,55,7.3,15:08,21.1,0
Trevor Carrick,CAR,D,1,0,0,0,0,2,--,0,0,0,0,0,0,1,0,7:32,15,0
William Carrier,VGK,L,37,1,2,3,-3,19,0.08,0,0,0,0,0,0,52,1.9,8:50,12.3,0
Jeff Carter,LAK,C,27,13,9,22,4,2,0.81,6,9,1,1,2,1,85,15.3,17:51,23.3,55.8
Daniel Catenacci,NYR,C,1,0,0,0,-1,0,--,0,0,0,0,0,0,1,0,11:03,16,0
Colby Cave,BOS,C,3,0,0,0,0,2,--,0,0,0,0,0,0,2,0,11:27,16,41.7
Cody Ceci,OTT,D,82,5,14,19,-27,12,0.23,0,5,0,0,1,0,143,3.5,23:20,29.8,0
Peter Cehlarik,BOS,L,6,1,1,2,2,2,0.33,0,0,0,0,0,0,3,33.3,13:56,18.2,50
Thomas Chabot,OTT,D,63,9,16,25,-12,14,0.4,0,8,0,0,0,0,94,9.6,17:31,22.9,0
Michael Chaput,VAN,C,9,0,0,0,-4,5,--,0,0,0,0,0,0,2,0,9:47,16.4,58.1
Zdeno Chara,BOS,D,73,7,17,24,22,60,0.33,0,0,0,1,3,0,144,4.9,22:54,24.7,0
Ben Chiarot,WPG,D,57,2,12,14,15,32,0.25,0,0,0,0,0,0,57,3.5,15:17,18.6,0
Alex Chiasson,WSH,R,61,9,9,18,1,26,0.29,1,1,1,3,2,0,59,15.3,11:46,15.7,26.8
Jason Chimera,NYI,L,74,3,10,13,-12,37,0.18,0,0,0,0,0,0,79,3.8,10:18,15,39.3
Filip Chlapik,OTT,C,20,1,3,4,-5,4,0.2,0,1,0,0,0,0,21,4.8,10:04,13.8,45.5
Taylor Chorney,WSH,D,25,1,3,4,10,8,0.16,0,0,0,1,0,0,14,7.1,13:08,17.7,0
Jakob Chychrun,ARI,D,50,4,10,14,2,16,0.28,2,4,0,0,1,0,102,3.9,20:15,24.2,0
Filip Chytil,NYR,C,9,1,2,3,-5,4,0.33,0,0,0,0,0,0,21,4.8,13:37,16.8,36.8
Anthony Cirelli,TBL,C,18,5,6,11,11,6,0.61,0,0,0,1,0,0,26,19.2,13:14,19.6,44.9
Casey Cizikas,NYI,C,64,7,10,17,-12,23,0.27,0,0,1,1,0,0,74,9.4,13:13,19,53.1
Fredrik Claesson,OTT,D,64,1,6,7,-7,35,0.11,0,0,0,0,0,0,60,1.7,15:21,21.2,0
Adam Clendening,ARI,D,5,0,2,2,-1,2,0.4,0,0,0,0,0,0,4,0,15:56,21.4,0
Kyle Clifford,LAK,L,50,6,4,10,-4,48,0.2,0,0,0,0,0,0,81,7.4,10:33,15.3,11.1
Cal Clutterbuck,NYI,R,76,8,10,18,-7,53,0.24,0,0,1,1,1,0,101,7.9,12:47,17.8,35
Braydon Coburn,TBL,D,72,1,14,15,3,40,0.21,0,0,0,0,0,0,73,1.4,16:01,21.4,0
Andrew Cogliano,ANA,L,80,12,23,35,18,41,0.44,0,0,3,4,1,0,175,6.9,15:12,22.4,49.3
Ian Cole,PIT,D,67,5,15,20,14,76,0.3,0,1,0,0,0,0,84,5.9,17:47,23.7,0
Blake Coleman,NJD,C,79,13,12,25,7,50,0.32,0,0,3,3,2,0,146,8.9,14:24,19.3,46.9
Blake Comeau,COL,L,79,13,21,34,5,50,0.43,0,0,3,3,3,0,123,10.6,15:52,21.2,38.4
J.T. Compher,COL,L,69,13,10,23,-29,20,0.33,4,7,2,2,3,2,131,9.9,16:00,20.3,45.1
Cory Conacher,TBL,C,36,8,4,12,0,24,0.33,1,1,0,0,2,1,45,17.8,10:00,14.5,25
Kevin Connauton,ARI,D,73,11,10,21,3,20,0.29,0,0,0,0,3,0,102,10.8,15:11,21.5,0
Brett Connolly,WSH,R,70,15,12,27,-6,30,0.39,4,5,0,0,2,0,67,22.4,12:00,15,45.2
Kyle Connor,WPG,L,76,31,26,57,8,16,0.75,7,11,0,0,7,3,192,16.1,16:54,21.2,28.6
Andrew Copp,WPG,C,82,9,19,28,17,14,0.34,0,0,2,3,0,0,96,9.4,13:44,20,51.8
Frank Corrado,PIT,D,5,0,0,0,-1,2,--,0,0,0,0,0,0,6,0,11:30,17.8,0
Nick Cousins,ARI,C,71,12,7,19,-7,31,0.27,1,1,0,0,1,1,119,10.1,12:52,18.5,37.5
Logan Couture,SJS,C,78,34,27,61,-2,18,0.78,10,21,2,3,4,1,204,16.7,18:33,25.1,45.8
Sean Couturier,PHI,C,82,31,45,76,34,31,0.93,7,14,0,0,6,2,227,13.7,21:36,26.5,52.8
Charlie Coyle,MIN,C,66,11,26,37,8,18,0.56,0,3,1,1,1,0,117,9.4,16:32,20.5,52.2
Adam Cracknell,DAL,R,5,0,0,0,-1,0,--,0,0,0,0,0,0,6,0,7:43,13.2,50
Andrew Crescenzi,LAK,C,2,0,0,0,0,2,--,0,0,0,0,0,0,0,0,7:52,14,50
Kyle Criscuolo,BUF,C,9,0,0,0,-4,4,--,0,0,0,0,0,0,5,0,8:01,12,46.3
Sidney Crosby,PIT,C,82,29,60,89,0,46,1.09,9,38,0,0,6,3,247,11.7,20:41,25.7,53
Lawson Crouse,ARI,L,11,1,0,1,-6,7,0.09,0,0,0,0,0,0,13,7.7,10:56,17.6,27.3
Matt Cullen,MIN,C,79,11,11,22,-1,20,0.28,0,1,0,0,1,0,104,10.6,11:54,16.2,50.3
Austin Czarnik,BOS,C,10,0,4,4,-1,0,0.4,0,1,0,0,0,0,7,0,10:55,15.4,50
Evgenii Dadonov,FLA,R,74,28,37,65,10,8,0.88,6,13,0,0,6,0,188,14.9,18:42,22.6,0
Klas Dahlbeck,CAR,D,33,1,4,5,-6,21,0.15,0,0,0,0,0,0,43,2.3,16:22,22.3,0
Carl Dahlstrom,CHI,D,11,0,3,3,-2,0,0.27,0,0,0,0,0,0,12,0,17:31,24.5,100
Michael Dal Colle,NYI,L,4,0,0,0,0,0,--,0,0,0,0,0,0,1,0,13:21,15.3,0
Trevor Daley,DET,D,77,9,7,16,-5,36,0.21,0,0,1,3,4,1,103,8.7,20:42,28.8,0
Zac Dalpe,CBJ,C,12,0,0,0,-3,13,--,0,0,0,0,0,0,18,0,7:27,11.6,29.2
Phillip Danault,MTL,C,52,8,17,25,0,34,0.48,0,2,1,1,2,0,94,8.5,16:35,22.1,52.8
Marko Dano,WPG,C,23,2,1,3,-2,6,0.13,0,0,0,0,2,0,22,9.1,7:11,11.3,50
Laurent Dauphin,ARI,C,2,0,0,0,-1,2,--,0,0,0,0,0,0,1,0,7:14,12.5,55.5
Brandon Davidson,MTL,D,51,4,3,7,-13,23,0.14,0,0,0,1,0,0,63,6.3,16:49,22.3,0
Calvin de Haan,NYI,D,33,1,11,12,11,8,0.36,0,0,0,0,0,0,44,2.3,18:45,23.3,0
Jacob de la Rose,MTL,L,55,4,8,12,-2,29,0.22,0,0,1,1,0,0,53,7.5,11:51,16.8,44.1
Jean-Sebastien Dea,PIT,C,5,1,0,1,1,2,0.2,0,0,0,0,1,0,1,100,5:29,8,47.6
Tony DeAngelo,NYR,D,32,0,8,8,-18,11,0.25,0,6,0,0,0,0,68,0,16:34,22.2,100
Alex DeBrincat,CHI,R,82,28,24,52,6,6,0.63,6,12,0,0,1,0,181,15.5,14:48,19.1,42.4
Jake DeBrusk,BOS,L,70,16,27,43,13,19,0.61,2,9,0,0,5,0,143,11.2,14:22,18.2,43.3
Danny DeKeyser,DET,D,65,6,6,12,2,28,0.18,0,0,0,0,0,0,65,9.2,20:19,29,0
Michael Del Zotto,VAN,D,82,6,16,22,-8,48,0.27,0,5,0,0,0,0,128,4.7,20:48,26.4,0
Dylan DeMelo,SJS,D,63,0,20,20,-1,34,0.32,0,3,0,0,0,0,67,0,14:12,19.8,0
Jason Demers,ARI,D,69,6,14,20,-4,37,0.29,0,3,0,0,2,0,95,6.3,21:08,28.4,0
Travis Dermott,TOR,D,37,1,12,13,16,8,0.35,0,0,0,0,0,0,54,1.8,16:00,22.2,0
David Desharnais,NYR,C,71,6,22,28,-22,18,0.39,2,7,0,0,0,0,55,10.9,13:03,18.2,55.1
Nicolas Deslauriers,MTL,L,58,10,4,14,7,55,0.24,0,0,0,1,1,0,77,13,11:36,15.4,66.7
Phillip Di Giuseppe,CAR,L,49,5,8,13,0,17,0.27,0,0,0,0,1,0,64,7.8,10:30,15,0
Jason Dickinson,DAL,C,27,0,2,2,-2,17,0.07,0,0,0,0,0,0,16,0,8:32,13.1,48.6
Christopher DiDomenico,OTT,L,24,6,4,10,-4,8,0.42,2,4,0,0,0,0,23,26.1,11:47,14.9,31.6
Brenden Dillon,SJS,D,81,5,17,22,-7,60,0.27,0,0,0,0,0,0,88,5.7,17:19,23.2,0
Christian Djoos,WSH,D,63,3,11,14,13,10,0.22,0,0,0,0,0,0,60,5,14:02,18.4,0
Max Domi,ARI,L,82,9,36,45,-7,73,0.55,1,9,0,0,0,0,150,6,16:42,22.8,44.9
Ryan Donato,BOS,C,12,5,4,9,2,2,0.75,2,4,0,0,0,0,24,20.8,14:42,17.7,75
Joonas Donskoi,SJS,R,66,14,18,32,10,26,0.48,1,5,0,0,2,0,129,10.8,14:58,21,41.7
Derek Dorsett,VAN,R,20,7,2,9,-1,74,0.45,0,0,2,2,1,0,26,26.9,15:17,21.8,0
Jake Dotchin,TBL,D,48,3,8,11,17,38,0.23,0,0,0,1,0,0,48,6.3,16:29,19.6,0
Drew Doughty,LAK,D,82,10,50,60,23,54,0.73,3,20,1,1,4,1,205,4.9,26:50:00,30.6,0
Nic Dowd,LAK,C,56,3,1,4,-10,28,0.07,1,1,0,0,1,0,51,5.9,10:32,15.7,51
Leon Draisaitl,EDM,C,78,25,45,70,-7,30,0.9,6,11,3,4,1,1,194,12.9,19:19,22.6,56.1
Jonathan Drouin,MTL,C,77,13,33,46,-28,30,0.6,4,22,0,0,4,0,164,7.9,17:36,20.7,42.5
Brandon Dubinsky,CBJ,C,62,6,10,16,-2,33,0.26,0,1,1,2,0,0,89,6.7,15:21,20.9,54.7
Pierre-Luc Dubois,CBJ,C,82,20,28,48,8,49,0.59,6,15,0,0,4,1,165,12.1,16:38,21.1,43.8
Matt Duchene,COL,C,82,27,32,59,-22,18,0.72,9,13,0,0,3,1,190,14.2,18:20,22.4,52.9
Anthony Duclair,ARI,L,56,11,12,23,-5,16,0.41,3,3,0,0,2,1,97,11.3,13:17,18.8,50
Matt Dumba,MIN,D,82,14,36,50,15,41,0.61,2,12,0,1,4,2,176,8,23:49,25.8,100
Gabriel Dumont,TBL,C,30,1,1,2,1,6,0.07,0,0,0,0,0,0,38,2.6,9:03,13.6,39.8
Brian Dumoulin,PIT,D,80,5,13,18,-5,30,0.23,0,0,0,0,1,0,102,4.9,20:37,28.1,0
Vince Dunn,STL,D,75,5,19,24,1,20,0.32,2,9,0,0,1,1,138,3.6,17:14,22.1,100
Christian Dvorak,ARI,C,78,15,22,37,-19,22,0.47,2,7,0,0,2,0,151,9.9,16:26,23.4,51.4
Ryan Dzingel,OTT,L,79,23,18,41,-17,35,0.52,4,8,0,0,2,0,136,16.9,16:30,20.6,42.9
Cody Eakin,VGK,C,80,11,16,27,-6,22,0.34,0,0,1,3,2,0,107,10.3,14:32,18.5,52.1
Patrick Eaves,ANA,R,2,1,0,1,0,0,0.5,0,0,0,0,1,0,3,33.3,16:28,24,0
Jordan Eberle,NYI,C,81,25,34,59,5,21,0.73,3,10,0,0,7,1,183,13.7,16:04,19.1,36.4
Alexander Edler,VAN,D,70,6,28,34,-18,68,0.49,1,15,0,0,2,1,172,3.5,24:17:00,28.2,50
Joel Edmundson,STL,D,69,7,10,17,-1,57,0.25,0,0,0,0,0,0,124,5.6,20:44,25.3,0
Nikolaj Ehlers,WPG,L,82,29,31,60,14,26,0.73,7,13,0,0,7,0,231,12.6,16:05,21,55.5
Jack Eichel,BUF,C,67,25,39,64,-25,32,0.96,3,20,0,2,4,1,246,10.2,20:09,23.3,41.5
Victor Ejdsell,CHI,C,6,0,1,1,-1,0,0.17,0,0,0,0,0,0,7,0,13:19,16.2,33.3
Aaron Ekblad,FLA,D,82,16,22,38,9,71,0.46,5,11,0,0,4,1,189,8.5,23:23,29,0
Mattias Ekholm,NSH,D,81,10,24,34,25,46,0.42,5,13,1,1,1,0,135,7.4,23:35,28.5,0
Oliver Ekman-Larsson,ARI,D,82,14,28,42,-28,44,0.51,6,15,0,0,3,0,202,6.9,23:41,29.2,0
Remi Elie,DAL,L,72,6,8,14,5,18,0.19,0,0,0,0,1,0,70,8.6,10:15,15.7,35.7
Lars Eller,WSH,C,81,18,20,38,-6,38,0.47,3,6,0,0,2,0,161,11.2,15:18,19,49.3
Ryan Ellis,NSH,D,44,9,23,32,26,6,0.73,2,5,0,3,2,0,110,8.2,23:21,27.9,0
Alexei Emelin,NSH,D,76,1,8,9,9,40,0.12,0,0,0,0,0,0,59,1.7,16:53,22.7,100
Deryk Engelland,VGK,D,79,5,18,23,6,24,0.29,0,0,0,0,0,0,108,4.6,20:17,25,0
Andreas Englund,OTT,D,1,0,0,0,1,0,--,0,0,0,0,0,0,0,0,11:21,16,0
Tyler Ennis,MIN,L,73,8,14,22,-1,12,0.3,2,3,0,0,3,0,115,7,11:58,15.3,25
Toby Enstrom,WPG,D,43,1,5,6,8,20,0.14,0,0,0,0,0,0,31,3.2,17:02,22.1,0
Jonathan Ericsson,DET,D,81,3,10,13,-7,47,0.16,0,0,0,1,0,0,86,3.5,19:19,26.7,100
Loui Eriksson,VAN,L,50,10,13,23,0,4,0.46,0,3,1,2,0,0,101,9.9,16:16,22.7,42.9
Joel Eriksson Ek,MIN,C,75,6,10,16,2,22,0.21,0,0,0,0,0,0,124,4.8,12:47,16.9,42.6
Adam Erne,TBL,L,23,3,1,4,-1,11,0.17,0,0,0,0,1,0,29,10.3,10:07,14.6,62.5
Radek Faksa,DAL,C,79,17,16,33,21,36,0.42,0,0,2,2,3,0,118,14.4,15:16,23.3,51.6
Justin Falk,BUF,D,46,1,1,2,-16,28,0.04,0,0,0,1,0,0,36,2.8,16:05,23.1,0
Oscar Fantenberg,LAK,D,27,2,7,9,2,11,0.33,0,4,0,0,0,0,33,6.1,14:16,19.4,0
Hudson Fasching,BUF,R,5,0,0,0,-1,2,--,0,0,0,0,0,0,1,0,9:42,13.6,0
Jesper Fast,NYR,R,71,13,20,33,-10,26,0.46,0,0,0,2,0,0,80,16.3,14:53,22,36.8
Justin Faulk,CAR,D,76,8,23,31,-26,48,0.41,3,19,0,0,3,0,211,3.8,22:16,26.1,0
Taylor Fedun,BUF,D,7,0,1,1,-1,2,0.14,0,0,0,0,0,0,8,0,14:41,21.4,0
Eric Fehr,TOR,C,18,3,1,4,6,2,0.22,0,0,0,0,0,0,27,11.1,11:47,18.3,47.5
Micheal Ferland,CGY,L,77,21,20,41,5,24,0.53,6,6,0,0,0,0,144,14.6,15:01,19.1,38.6
Landon Ferraro,MIN,C,2,1,0,1,1,0,0.5,0,0,0,0,0,0,3,33.3,4:25,7,0
Kevin Fiala,NSH,L,80,23,25,48,20,26,0.6,4,13,0,0,4,0,187,12.3,15:09,20.1,0
Valtteri Filppula,PHI,C,81,11,22,33,-7,20,0.41,3,4,0,2,4,0,70,15.7,16:29,22.1,51.3
Giovanni Fiore,ANA,L,1,0,0,0,-1,0,--,0,0,0,0,0,0,0,0,7:53,10,0
Christian Fischer,ARI,R,79,15,18,33,-17,14,0.42,5,8,0,0,3,2,154,9.7,13:54,19.9,17.2
Mike Fisher,NSH,C,16,2,2,4,0,8,0.25,0,0,0,0,1,0,14,14.3,12:21,18.8,58.1
Haydn Fleury,CAR,D,67,0,8,8,-2,14,0.12,0,0,0,0,0,0,86,0,16:48,21.6,0
Warren Foegele,CAR,L,2,2,1,3,3,0,1.5,0,0,0,0,0,0,6,33.3,11:56,17.5,0
Steven Fogarty,NYR,C,1,0,0,0,0,2,--,0,0,0,0,0,0,1,0,12:16,19,0
Nick Foligno,CBJ,L,72,15,18,33,1,50,0.46,2,4,0,0,1,0,137,10.9,18:21,22.8,45.9
Marcus Foligno,MIN,L,77,8,15,23,2,72,0.3,1,2,0,0,2,0,79,10.1,10:52,14.7,47.4
Christian Folin,LAK,D,65,3,10,13,1,30,0.2,0,0,0,1,0,0,58,5.2,15:39,20.7,0
Spencer Foo,CGY,R,4,2,0,2,1,0,0.5,0,0,0,0,0,0,16,12.5,15:51,18.3,100
Derek Forbort,LAK,D,78,1,17,18,18,49,0.23,0,0,0,0,0,0,78,1.3,20:47,26.6,0
Alex Formenton,OTT,L,1,0,0,0,0,0,--,0,0,0,0,0,0,0,0,4:54,7,0
Filip Forsberg,NSH,L,67,26,38,64,27,38,0.96,13,21,0,1,6,2,179,14.5,17:28,23.9,44.4
Gustav Forsling,CHI,D,41,3,10,13,-2,8,0.32,1,4,0,1,1,1,82,3.6,19:09,27.9,0
Cam Fowler,ANA,D,67,8,24,32,3,28,0.48,1,10,1,2,1,0,122,6.6,24:51:00,25.9,50
Cody Franson,CHI,D,23,1,6,7,-1,8,0.3,0,4,0,0,0,0,51,2,16:37,22.8,0
Tanner Fritz,NYI,C,34,3,4,7,-3,8,0.21,0,0,0,0,0,0,27,11.1,12:31,15.6,43.5
Martin Frk,DET,R,68,11,14,25,-14,14,0.37,5,9,0,0,0,0,99,11.1,10:17,14.1,0
Byron Froese,MTL,C,48,3,8,11,0,26,0.23,0,0,0,0,0,0,49,6.1,11:35,16,44.3
Michael Frolik,CGY,R,70,10,15,25,-19,26,0.36,0,0,2,2,1,1,167,6,16:55,20.7,45.8
Marian Gaborik,LAK,R,46,11,10,21,2,24,0.46,3,6,0,0,0,0,80,13.8,13:58,18.9,0
Sam Gagner,VAN,C,74,10,21,31,-18,35,0.42,3,11,0,0,2,1,164,6.1,15:07,21.1,47.7
Alex Galchenyuk,MTL,C,82,19,32,51,-31,22,0.62,9,24,0,0,2,0,213,8.9,16:14,19.4,45
Brendan Gallagher,MTL,R,82,31,23,54,-13,34,0.66,8,17,1,1,4,0,278,11.2,16:09,21.1,46.7
Dylan Gambrell,SJS,C,3,0,0,0,-1,0,--,0,0,0,0,0,0,1,0,10:33,13.3,50
Jake Gardiner,TOR,D,82,5,47,52,9,32,0.63,1,15,0,0,0,0,133,3.8,22:32,28.5,0
Jason Garrison,VGK,D,8,0,1,1,-2,4,0.13,0,0,0,0,0,0,7,0,19:04,23.9,0
Adam Gaudette,VAN,C,5,0,0,0,2,0,--,0,0,0,0,0,0,9,0,12:47,18,37.5
Johnny Gaudreau,CGY,L,80,24,60,84,2,26,1.05,3,24,0,0,4,0,227,10.6,19:25,21.4,20
Frederick Gaudreau,NSH,C,20,0,3,3,0,2,0.15,0,0,0,0,0,0,14,0,9:10,13.7,49.6
Brendan Gaunce,VAN,C,37,4,2,6,0,10,0.16,1,1,0,0,1,0,55,7.3,13:19,19.1,45.2
Frederik Gauthier,TOR,C,9,1,0,1,-4,0,0.11,0,0,0,0,0,0,12,8.3,8:45,13.7,49.1
Nathan Gerbe,CBJ,C,2,0,0,0,-1,0,--,0,0,0,0,0,0,1,0,8:36,12.5,0
Shane Gersich,WSH,L,3,0,1,1,-1,0,0.33,0,0,0,0,0,0,4,0,9:01,12.3,0
Ryan Getzlaf,ANA,C,56,11,50,61,20,42,1.09,0,13,1,2,0,0,117,9.4,21:26,25.7,47.8
Brian Gibbons,NJD,C,59,12,14,26,10,20,0.44,0,0,3,5,3,1,72,16.7,14:26,19.4,43.1
John Gilmour,NYR,D,28,2,3,5,-11,14,0.18,1,1,0,0,1,1,61,3.3,17:11,24,0
Brian Gionta,BOS,R,20,2,5,7,-1,2,0.35,1,3,0,0,1,0,42,4.8,13:04,16.6,46.2
Mark Giordano,CGY,D,82,13,25,38,0,63,0.46,1,10,1,1,4,2,214,6.1,24:47:00,28.1,0
Samuel Girard,NSH,D,73,4,19,23,-11,8,0.32,1,13,0,0,0,0,84,4.8,17:39,22,0
Dan Girardi,TBL,D,77,6,12,18,18,27,0.23,1,1,0,1,1,0,93,6.5,17:23,23.8,0
Zemgus Girgensons,BUF,C,71,7,8,15,-12,26,0.21,0,0,2,2,0,0,113,6.2,13:43,18.7,36.5
Claude Giroux,PHI,C,82,34,68,102,28,20,1.24,9,36,0,0,1,1,193,17.6,20:22,25.3,58.6
Tanner Glass,CGY,L,16,0,0,0,-4,19,--,0,0,0,0,0,0,14,0,9:23,13.1,33.3
Luke Glendening,DET,R,69,11,8,19,-14,17,0.28,1,1,2,3,2,0,88,12.5,13:12,20.1,58
Nikolay Goldobin,VAN,R,38,8,6,14,-14,6,0.37,2,2,0,0,0,0,50,16,12:20,18.1,50
Alex Goligoski,ARI,D,78,12,23,35,-31,26,0.45,3,11,0,0,3,1,119,10.1,23:17,28.5,0
Barclay Goodrow,SJS,R,47,7,7,14,1,28,0.3,0,0,1,1,1,0,57,12.3,10:53,16.9,58.8
Josh Gorges,BUF,D,34,0,2,2,-4,17,0.06,0,0,0,0,0,0,15,0,14:56,21.9,0
Shayne Gostisbehere,PHI,D,78,13,52,65,10,25,0.83,7,33,0,0,2,1,221,5.9,21:27,25.2,0
Tyrell Goulbourne,PHI,L,9,0,0,0,-2,2,--,0,0,0,0,0,0,2,0,5:35,9.4,0
Yanni Gourde,TBL,C,82,25,39,64,34,50,0.78,7,13,1,2,5,1,136,18.4,16:09,20.6,43.4
Michael Grabner,NYR,R,80,27,9,36,11,16,0.45,0,1,2,3,3,0,167,16.2,14:49,21.7,45.5
Mikael Granlund,MIN,R,77,21,46,67,13,18,0.87,7,19,1,3,2,0,193,10.9,18:47,22.4,55.2
Markus Granlund,VAN,C,53,8,4,12,-10,8,0.23,2,3,2,2,1,0,93,8.6,16:15,22.5,40.8
Derek Grant,ANA,C,66,12,12,24,3,11,0.36,3,3,0,1,0,0,65,18.5,11:06,17.1,53.1
Tyler Graovac,WSH,C,5,0,0,0,-3,2,--,0,0,0,0,0,0,1,0,6:44,10.6,33.3
Kevin Gravel,LAK,D,16,0,3,3,-3,2,0.19,0,1,0,0,0,0,20,0,14:02,18.3,0
Mike Green,DET,D,66,8,25,33,-14,38,0.5,1,13,0,0,0,0,132,6.1,22:05,28.4,0
Andy Greene,NJD,D,81,3,10,13,-9,21,0.16,0,0,0,0,0,0,93,3.2,21:07,28.3,0
Jordan Greenway,MIN,L,6,0,1,1,0,0,0.17,0,0,0,0,0,0,4,0,11:27,15,0
A.J. Greer,COL,L,17,0,3,3,2,29,0.18,0,0,0,0,0,0,13,0,7:24,11.1,33.3
Seth Griffith,BUF,C,21,2,1,3,-6,6,0.14,0,1,0,0,0,0,15,13.3,10:34,15.3,0
Rocco Grimaldi,COL,C,6,1,2,3,0,0,0.5,0,0,0,0,0,0,7,14.3,9:39,14.2,0
Eric Gryba,EDM,D,21,0,2,2,4,31,0.1,0,0,0,0,0,0,19,0,14:44,21.4,0
Matt Grzelcyk,BOS,D,61,3,12,15,21,22,0.25,0,2,0,0,0,0,82,3.6,16:44,22.8,0
Radko Gudas,PHI,D,70,2,14,16,0,83,0.23,0,0,0,1,0,0,142,1.4,17:06,22.2,0
Erik Gudbranson,VAN,D,52,2,3,5,-7,35,0.1,0,0,0,0,0,0,53,3.8,18:25,24.1,0
Jake Guentzel,PIT,C,82,22,26,48,-9,42,0.59,7,12,0,0,1,0,171,12.9,16:29,21.9,50
Brendan Guhle,BUF,D,18,0,5,5,-6,10,0.28,0,0,0,0,0,0,37,0,18:06,25,0
Carl Gunnarsson,STL,D,63,5,4,9,15,22,0.14,0,0,0,0,2,0,59,8.5,16:10,22.6,0
Erik Gustafsson,CHI,D,35,5,11,16,1,6,0.46,0,4,0,0,0,0,71,7,18:33,24.8,0
Henrik Haapala,FLA,L,5,0,1,1,0,0,0.2,0,0,0,0,0,0,3,0,13:42,19.6,0
Carl Hagelin,PIT,L,81,10,21,31,8,28,0.38,0,0,1,2,2,0,169,5.9,15:57,23,42.9
Robert Hagg,PHI,D,70,3,6,9,5,32,0.13,0,0,0,0,0,0,89,3.4,18:08,24.3,0
Ron Hainsey,TOR,D,80,4,19,23,12,20,0.29,1,1,0,2,2,0,73,5.5,21:52,27.7,0
Micheal Haley,FLA,C,75,3,6,9,-13,212,0.12,0,0,0,0,1,0,55,5.5,7:47,11.9,47.5
Taylor Hall,NJD,L,76,39,54,93,14,34,1.22,13,37,1,1,7,3,278,14,19:09,22.9,48.6
Dan Hamhuis,DAL,D,80,3,21,24,-6,33,0.3,0,2,0,0,1,0,66,4.5,20:11,27,0
Dougie Hamilton,CGY,D,82,17,27,44,1,64,0.54,6,12,0,0,4,1,270,6.3,21:32,25.5,33.3
Freddie Hamilton,CGY,C,16,0,1,1,0,2,0.06,0,0,0,1,0,0,12,0,8:59,13,38.9
Travis Hamonic,CGY,D,74,1,10,11,-9,79,0.15,0,0,0,0,0,0,107,0.9,20:42,24.2,0
Noah Hanifin,CAR,D,79,10,22,32,-20,21,0.41,1,7,0,0,3,1,165,6.1,18:52,23.6,0
Joel Hanley,ARI,D,5,0,0,0,0,0,--,0,0,0,0,0,0,2,0,11:08,17.8,0
Markus Hannikainen,CBJ,L,33,3,3,6,-1,6,0.18,0,0,0,1,0,0,31,9.7,8:22,12.5,75
Jannik Hansen,SJS,R,46,2,12,14,2,15,0.3,0,0,0,1,2,0,54,3.7,12:02,17.6,66.7
Martin Hanzal,DAL,C,38,5,5,10,-14,23,0.26,2,3,0,0,1,0,62,8.1,14:07,21.5,55.1
Ben Harpur,OTT,D,41,0,1,1,-21,21,0.02,0,0,0,0,0,0,26,0,14:53,21.3,0
Scott Harrington,CBJ,D,32,2,3,5,0,8,0.16,0,0,0,1,1,0,28,7.1,13:18,17.9,0
Ryan Hartman,CHI,R,78,11,20,31,1,72,0.4,1,2,0,0,2,0,129,8.5,13:04,17.6,45.8
Scott Hartnell,NSH,L,62,13,11,24,-3,82,0.39,2,5,0,0,2,0,82,15.8,12:01,17.7,20
Garnet Hathaway,CGY,R,59,4,9,13,3,88,0.22,0,0,1,1,0,0,68,5.9,11:32,15.3,10
Erik Haula,VGK,L,76,29,26,55,-16,37,0.72,12,19,0,0,4,0,175,16.6,17:22,20.1,50.5
John Hayden,CHI,R,47,4,9,13,-4,54,0.28,0,0,1,1,0,0,56,7.1,10:49,15.9,50
Kevin Hayes,NYR,C,76,25,19,44,1,18,0.58,6,8,2,2,4,0,172,14.5,17:21,23.7,50.5
Jimmy Hayes,NJD,R,33,3,6,9,-2,6,0.27,1,1,0,0,2,0,37,8.1,11:56,14.9,40
Dillon Heatherington,DAL,D,6,0,1,1,3,26,0.17,0,0,0,0,0,0,6,0,10:51,16,0
Victor Hedman,TBL,D,77,17,46,63,32,54,0.82,2,26,0,2,1,0,216,7.9,25:51:00,27.5,50
Tim Heed,SJS,D,29,3,8,11,0,8,0.38,2,5,0,0,2,0,51,5.9,16:01,19.6,0
Danton Heinen,BOS,C,77,16,31,47,10,16,0.61,2,12,1,1,4,0,135,11.8,15:01,19,43.5
Darren Helm,DET,L,75,13,18,31,3,39,0.41,0,0,2,4,0,0,141,9.2,15:34,22.6,44.1
Ales Hemsky,MTL,R,7,0,0,0,-1,10,--,0,0,0,0,0,0,5,0,9:55,14,0
Matt Hendricks,WPG,C,60,5,8,13,-1,39,0.22,0,0,0,0,0,0,56,8.9,9:25,14.5,49.3
Adam Henrique,NJD,C,81,24,26,50,11,20,0.62,6,13,1,3,8,1,151,15.9,17:47,22.8,48.1
Tomas Hertl,SJS,C,79,22,24,46,-2,41,0.58,6,12,1,3,5,1,175,12.6,18:06,24.6,50.8
Joe Hicketts,DET,D,5,0,3,3,5,2,0.6,0,1,0,0,0,0,2,0,17:21,22.4,0
Thomas Hickey,NYI,D,69,5,20,25,20,24,0.36,0,0,0,0,0,0,87,5.7,18:04,22.7,0
Matthew Highmore,CHI,C,13,2,0,2,-4,0,0.15,0,0,0,0,0,0,27,7.4,12:09,16.3,20
Blake Hillman,CHI,D,4,1,0,1,-1,0,0.25,0,0,1,1,0,0,5,20,18:02,24.8,0
Vinnie Hinostroza,CHI,L,50,7,18,25,5,10,0.5,1,5,0,0,1,0,86,8.1,13:49,17.4,43.8
Nico Hischier,NJD,C,82,20,32,52,10,26,0.63,1,6,0,0,2,0,180,11.1,16:19,21.7,42.9
Niklas Hjalmarsson,ARI,D,48,1,8,9,-3,18,0.19,0,1,0,0,0,0,32,3.1,20:42,27.3,0
Joshua Ho-Sang,NYI,R,22,2,10,12,-7,2,0.55,0,1,0,0,0,0,18,11.1,14:17,17,40
Mike Hoffman,OTT,L,82,22,34,56,-20,32,0.68,8,21,0,0,5,3,257,8.6,18:24,22.5,55
Nick Holden,NYR,D,73,4,13,17,-5,14,0.23,0,3,0,0,0,0,80,5,19:00,25.5,0
Justin Holl,TOR,D,2,2,0,2,5,0,1,0,0,0,0,1,0,2,100,17:22,26.5,0
Peter Holland,NYR,C,23,1,3,4,-10,7,0.17,0,0,0,1,0,0,30,3.3,12:24,17.9,47.1
Philip Holm,VAN,D,1,0,0,0,-2,0,--,0,0,0,0,0,0,0,0,15:12,21,0
Korbinian Holzer,ANA,D,16,0,0,0,-3,6,--,0,0,0,0,0,0,10,0,11:37,16.1,0
Julius Honka,DAL,D,42,1,3,4,-1,14,0.1,0,1,0,0,0,0,42,2.4,13:01,19.3,0
Patric Hornqvist,PIT,R,70,29,20,49,2,58,0.7,15,22,0,0,1,0,247,11.7,17:19,22.5,48.5
Bo Horvat,VAN,C,64,22,22,44,-1,10,0.69,10,13,1,1,3,0,158,13.9,19:21,26.1,53.8
Marek Hrivik,CGY,L,3,0,0,0,1,0,--,0,0,0,0,0,0,2,0,8:30,11.7,0
Jonathan Huberdeau,FLA,L,82,27,42,69,-2,32,0.84,7,19,0,0,4,0,204,13.2,19:12,23.3,47.7
Charles Hudon,MTL,L,72,10,20,30,-12,38,0.42,3,8,0,1,1,0,179,5.6,14:02,18.1,40.2
Brad Hunt,VGK,D,45,3,15,18,-5,6,0.4,2,12,0,0,0,0,80,3.8,16:39,21,0
Dryden Hunt,FLA,L,11,0,1,1,-5,2,0.09,0,0,0,0,0,0,12,0,10:34,16.1,25
Matt Hunwick,PIT,D,42,4,6,10,-4,21,0.24,0,0,1,1,1,1,52,7.7,17:31,24.1,0
Ben Hutton,VAN,D,61,0,6,6,-9,23,0.1,0,2,0,1,0,0,103,0,18:25,23.9,0
Tomas Hyka,VGK,R,10,1,2,3,2,0,0.3,0,1,0,0,0,0,15,6.7,12:03,15.3,0
Zach Hyman,TOR,C,82,15,25,40,22,37,0.49,0,0,1,2,2,0,148,10.1,17:21,24.2,42.9
Alex Iafallo,LAK,L,75,9,16,25,10,12,0.33,0,2,0,0,1,0,129,7,15:06,19.8,46.7
Matt Irwin,NSH,D,50,2,6,8,2,8,0.16,0,0,0,0,0,0,62,3.2,13:26,18.8,0
Jaromir Jagr,CGY,R,22,1,6,7,6,10,0.32,0,1,0,0,0,0,32,3.1,13:03,15.9,0
Mark Jankowski,CGY,C,72,17,8,25,-7,33,0.35,2,3,2,2,3,0,118,14.4,13:21,17.6,48.8
Mattias Janmark,DAL,C,81,19,15,34,-13,24,0.42,4,5,2,2,4,1,136,14,16:56,23.6,39.4
Calle Jarnkrok,NSH,C,68,16,19,35,20,12,0.51,1,4,2,2,3,1,105,15.2,15:53,23.2,51.2
Christian Jaros,OTT,D,2,0,0,0,0,0,--,0,0,0,0,0,0,0,0,7:58,14,0
Dmitrij Jaskin,STL,R,76,6,11,17,6,14,0.22,0,1,0,0,0,0,124,4.8,12:27,16.8,15.4
Boone Jenner,CBJ,C,75,13,19,32,1,39,0.43,2,3,0,0,2,0,187,7,16:28,21,55.5
Nick Jensen,DET,D,81,0,15,15,-8,27,0.19,0,1,0,0,0,0,107,0,16:15,22.9,0
Jakub Jerabek,MTL,D,36,2,6,8,-2,6,0.22,0,0,0,0,0,0,33,6.1,16:19,21.5,0
Ryan Johansen,NSH,C,79,15,39,54,13,78,0.68,1,15,0,2,3,0,129,11.6,18:33,24.3,55.4
Marcus Johansson,NJD,L,29,5,9,14,-11,14,0.48,1,3,0,0,0,0,42,11.9,15:59,18.4,48.6
Stephen Johns,DAL,D,75,8,7,15,10,41,0.2,0,0,0,1,2,0,121,6.6,17:33,24.7,0
Tyler Johnson,TBL,C,81,21,29,50,3,24,0.62,4,13,2,2,3,0,186,11.3,17:00,22.2,50.1
Erik Johnson,COL,D,62,9,16,25,3,58,0.4,0,3,0,1,3,1,168,5.3,25:26:00,30.7,0
Jack Johnson,CBJ,D,77,3,8,11,-6,22,0.14,0,0,0,0,1,0,88,3.4,19:33,24.9,0
Andreas Johnsson,TOR,L,9,2,1,3,-2,0,0.33,0,1,0,0,0,0,19,10.5,11:42,17.7,33.3
Ross Johnston,NYI,L,24,3,3,6,0,62,0.25,0,0,0,0,0,0,19,15.8,9:20,12.9,20
Jussi Jokinen,EDM,L,60,5,12,17,2,12,0.28,0,5,0,0,1,0,73,6.8,11:35,17.1,54
Seth Jones,CBJ,D,78,16,41,57,10,30,0.73,7,24,0,0,4,1,249,6.4,24:36:00,28.9,0
Josh Jooris,CAR,R,40,3,3,6,-7,16,0.15,0,0,0,0,0,0,50,6,9:46,14.7,46
Jacob Josefson,BUF,C,39,2,2,4,-4,6,0.1,0,0,0,0,0,0,35,5.7,11:23,16.6,44.1
Roman Josi,NSH,D,75,14,39,53,24,24,0.71,7,20,0,1,3,1,253,5.5,24:28:00,28.7,0
Tyson Jost,COL,C,65,12,10,22,-10,26,0.34,5,8,0,0,1,0,113,10.6,14:38,18.1,36.7
Tomas Jurco,CHI,L,29,6,4,10,1,12,0.34,0,0,0,0,1,0,44,13.6,12:37,17.1,25
Noah Juulsen,MTL,D,23,1,2,3,1,4,0.13,0,0,0,0,0,0,33,3,19:25,27.8,0
Nazem Kadri,TOR,C,80,32,23,55,2,42,0.69,12,19,0,0,3,0,211,15.2,16:46,23,50
Vladislav Kamenev,COL,C,3,0,0,0,-2,0,--,0,0,0,0,0,0,1,0,8:49,12.3,38.9
David Kampf,CHI,C,46,4,7,11,-9,12,0.24,0,0,0,0,0,0,46,8.7,12:48,18.6,53
Steven Kampfer,NYR,D,22,0,1,1,-7,20,0.05,0,0,0,0,0,0,31,0,17:15,24,0
Patrick Kane,CHI,R,82,27,49,76,-20,32,0.93,5,22,0,0,4,2,285,9.5,20:11,22.8,38.9
Evander Kane,BUF,L,78,29,25,54,-9,82,0.69,3,9,4,4,2,0,307,9.4,19:35,23.1,44.4
Kasperi Kapanen,TOR,R,38,7,2,9,-1,4,0.24,0,0,1,1,1,0,55,12.7,11:15,16.9,14.3
William Karlsson,VGK,C,82,43,35,78,49,12,0.95,8,16,4,5,6,1,184,23.4,18:43,22,48
Erik Karlsson,OTT,D,71,9,53,62,-25,36,0.87,3,18,0,1,2,2,196,4.6,26:44:00,30.4,0
Melker Karlsson,SJS,C,71,8,11,19,-5,26,0.27,0,0,1,1,1,0,76,10.5,13:15,20.2,66.7
Ondrej Kase,ANA,R,66,20,18,38,18,14,0.58,1,3,0,0,5,1,146,13.7,13:55,18.9,19.2
Zack Kassian,EDM,R,74,7,12,19,-8,92,0.26,0,1,0,2,0,0,86,8.1,11:40,16,20.8
Duncan Keith,CHI,D,82,2,30,32,-29,28,0.39,2,10,0,0,1,0,187,1.1,23:50,29.5,0
Clayton Keller,ARI,C,82,23,42,65,-7,24,0.79,6,20,0,1,3,2,212,10.8,18:05,23.1,47.4
Chris Kelly,ANA,C,12,0,2,2,1,2,0.17,0,0,0,0,0,0,5,0,7:40,13,22.2
Adrian Kempe,LAK,C,81,16,21,37,11,49,0.46,1,5,0,0,3,0,119,13.4,13:20,19.8,38.5
Mario Kempe,ARI,R,18,2,2,4,-1,4,0.22,0,0,0,0,0,0,20,10,11:05,17.6,38.6
Michal Kempny,CHI,D,53,3,7,10,14,26,0.19,0,0,0,0,0,0,82,3.6,15:55,20.3,0
Nicolas Kerdiles,ANA,L,2,0,0,0,0,0,--,0,0,0,0,0,0,0,0,3:45,6.5,0
Alexander Kerfoot,COL,C,79,19,24,43,-7,28,0.54,5,17,0,0,0,0,81,23.4,13:27,17.7,42.1
Tanner Kero,CHI,C,8,1,2,3,1,0,0.38,0,0,0,0,0,0,7,14.3,11:26,18.6,46.1
Ryan Kesler,ANA,C,44,8,6,14,-4,46,0.32,2,2,0,0,2,0,78,10.3,18:02,24.8,53.3
Phil Kessel,PIT,R,82,34,58,92,-4,36,1.12,12,42,0,0,6,3,261,13,18:41,22.2,31.6
Jujhar Khaira,EDM,L,69,11,10,21,-7,47,0.3,0,1,1,2,2,0,73,15.1,12:42,17.5,45.4
Alex Killorn,TBL,L,82,15,32,47,22,45,0.57,2,9,0,0,1,0,156,9.6,16:30,20.7,40
Oscar Klefbom,EDM,D,66,5,16,21,-12,18,0.32,1,6,1,1,1,1,203,2.5,22:51,27.6,0
Morgan Klimchuk,CGY,L,1,0,0,0,0,0,--,0,0,0,0,0,0,0,0,7:25,13,0
John Klingberg,DAL,D,82,8,59,67,10,26,0.82,1,23,0,0,3,0,204,3.9,24:04:00,27.7,0
Justin Kloos,MIN,C,1,0,0,0,0,2,--,0,0,0,0,0,0,0,0,8:39,13,0
Slater Koekkoek,TBL,D,35,4,4,8,4,18,0.23,0,0,0,0,1,0,43,9.3,11:14,16.2,0
Mikko Koivu,MIN,C,82,14,31,45,9,46,0.55,3,14,0,1,2,0,170,8.2,18:29,23.1,51.4
Leo Komarov,TOR,C,74,7,12,19,0,31,0.26,2,3,1,1,0,0,114,6.1,15:47,22.9,52.8
Travis Konecny,PHI,C,81,24,23,47,17,46,0.58,1,3,0,0,6,2,177,13.6,14:54,19.7,33.3
Anze Kopitar,LAK,C,82,35,57,92,21,20,1.12,7,27,0,2,6,0,200,17.5,22:05,26.1,54.1
Kalle Kossila,ANA,C,10,1,1,2,-4,0,0.2,0,0,0,0,0,0,9,11.1,9:05,13.9,49
Chris Kreider,NYR,L,58,16,21,37,-2,44,0.64,7,12,0,0,0,0,137,11.7,15:37,21.7,41.7
David Krejci,BOS,C,64,17,27,44,10,18,0.69,7,13,0,0,2,0,119,14.3,16:53,20.5,51.9
Niklas Kronwall,DET,D,79,4,23,27,-14,36,0.34,2,15,0,0,0,0,76,5.3,18:31,24.2,0
Torey Krug,BOS,D,76,14,45,59,0,36,0.78,5,24,1,1,4,0,197,7.1,20:24,25,0
Marcus Kruger,CAR,C,48,1,5,6,-6,28,0.13,0,0,0,0,0,0,30,3.3,10:50,17.5,55.4
Nikita Kucherov,TBL,R,80,39,61,100,15,42,1.25,8,36,0,0,7,0,279,14,19:49,22.7,60
Tom Kuhnhackl,PIT,R,69,2,6,8,-6,6,0.12,0,1,0,1,1,0,63,3.2,10:01,15.2,16.7
Dean Kukan,CBJ,D,11,0,4,4,2,2,0.36,0,0,0,0,0,0,12,0,12:22,16.6,0
Brett Kulak,CGY,D,71,2,6,8,-3,27,0.11,0,0,0,0,0,0,73,2.7,12:59,17.2,0
Nikolay Kulemin,NYI,L,13,1,2,3,0,0,0.23,0,0,0,0,0,0,7,14.3,11:56,16.9,40
Dmitry Kulikov,WPG,D,62,3,8,11,6,22,0.18,0,0,0,0,1,0,48,6.3,17:04,21.1,0
Luke Kunin,MIN,C,19,2,2,4,-3,13,0.21,0,0,1,1,0,0,32,6.3,12:59,17.7,44.4
Chris Kunitz,TBL,L,82,13,16,29,8,35,0.35,0,1,1,1,2,0,81,16,11:57,16.9,36.8
Janne Kuokkanen,CAR,C,4,0,0,0,-3,0,--,0,0,0,0,0,0,6,0,11:04,16,0
Sean Kuraly,BOS,C,75,6,8,14,-5,40,0.19,0,0,0,1,1,0,134,4.5,12:15,17.4,46.5
Evgeny Kuznetsov,WSH,C,79,27,56,83,3,48,1.05,7,30,1,1,8,2,187,14.4,18:49,20.3,44.2
Kevin Labanc,SJS,R,77,11,29,40,-6,32,0.52,4,17,0,0,3,1,156,7,14:21,19.5,31.3
Andrew Ladd,NYI,L,73,12,17,29,11,24,0.4,0,1,1,2,2,0,112,10.7,15:54,19.8,10
Paul LaDue,LAK,D,12,3,1,4,5,6,0.33,1,1,0,0,2,0,13,23.1,13:58,18.8,0
Brooks Laich,LAK,C,12,0,1,1,-5,6,0.08,0,0,0,0,0,0,10,0,11:12,17.2,48.6
Patrik Laine,WPG,R,82,44,26,70,8,24,0.85,20,31,0,0,8,0,241,18.3,16:29,20.3,25.6
Gabriel Landeskog,COL,L,78,25,37,62,16,37,0.79,8,17,0,1,1,0,183,13.7,20:09,24,51.4
Nick Lappin,NJD,R,6,1,0,1,2,4,0.17,0,0,0,0,0,0,7,14.3,9:46,13.8,0
Dylan Larkin,DET,C,82,16,47,63,-9,61,0.77,1,8,2,3,4,0,232,6.9,19:51,25.3,49.9
Johan Larsson,BUF,C,80,4,13,17,-30,49,0.21,0,0,1,2,0,0,86,4.7,14:07,19.8,54.5
Adam Larsson,EDM,D,63,4,9,13,10,34,0.21,0,0,0,0,1,0,92,4.3,21:56,27.3,0
Brian Lashoff,DET,D,1,0,0,0,0,0,--,0,0,0,0,0,0,0,0,4:02,5,0
Scott Laughton,PHI,C,81,10,10,20,-10,42,0.25,0,0,1,1,0,0,108,9.3,11:07,16.1,52
Curtis Lazar,CGY,C,65,2,10,12,-8,23,0.18,0,0,0,0,1,0,65,3.1,9:51,13.6,39.7
Nick Leddy,NYI,D,80,10,32,42,-42,20,0.53,4,14,0,0,1,1,153,6.5,22:25,24.6,0
Anders Lee,NYI,L,82,40,22,62,-25,44,0.76,14,22,0,0,2,0,208,19.2,17:16,20,68.8
Artturi Lehkonen,MTL,L,66,12,9,21,-11,20,0.32,3,4,1,1,3,0,164,7.3,16:29,22,36.7
Jori Lehtera,PHI,C,62,3,5,8,-8,14,0.13,0,0,1,1,0,0,45,6.7,10:31,15.4,57
Taylor Leier,PHI,L,39,1,4,5,-7,6,0.13,0,0,0,0,0,0,48,2.1,10:29,15.9,60
Brendan Leipsic,VGK,L,58,5,17,22,-4,14,0.38,0,0,0,0,1,1,95,5.3,13:08,16.1,57.1
Josh Leivo,TOR,L,16,1,3,4,0,6,0.25,0,0,0,0,0,0,25,4,10:34,14.9,66.7
Brendan Lemieux,WPG,L,9,1,0,1,2,21,0.11,0,0,0,0,0,0,6,16.7,7:56,11.7,0
Brett Lernout,MTL,D,18,0,1,1,-5,6,0.06,0,0,0,1,0,0,14,0,16:44,22.5,0
Kris Letang,PIT,D,79,9,42,51,-9,56,0.65,4,20,0,1,1,0,222,4,25:20:00,29.7,0
Mark Letestu,EDM,C,80,9,14,23,-17,10,0.29,3,6,2,3,1,1,111,8.1,12:51,18.2,53.3
Vinni Lettieri,NYR,C,19,1,4,5,-12,0,0.26,0,1,0,0,0,0,28,3.6,12:03,17.1,41.7
Trevor Lewis,LAK,C,68,14,12,26,-6,25,0.38,1,3,2,2,3,0,134,10.4,15:14,21.1,43.1
Mike Liambas,ANA,L,7,0,1,1,0,21,0.14,0,0,0,0,0,0,3,0,5:17,8.9,0
Oscar Lindberg,VGK,C,63,9,2,11,-11,14,0.17,0,0,0,0,0,0,81,11.1,11:47,14.9,52.9
Oskar Lindblom,PHI,L,23,2,4,6,4,8,0.26,0,1,0,0,1,0,36,5.5,14:35,19.7,0
Esa Lindell,DAL,D,80,7,20,27,19,24,0.34,2,8,0,0,0,0,137,5.1,22:05,28,0
Elias Lindholm,CAR,C,81,16,28,44,-8,18,0.54,6,9,0,1,4,1,153,10.4,17:54,23.8,54.5
Hampus Lindholm,ANA,D,69,13,18,31,16,34,0.45,3,8,0,0,3,2,131,9.9,22:44,26,0
Anton Lindholm,COL,D,48,0,4,4,4,14,0.08,0,0,0,0,0,0,22,0,13:10,18.7,0
Bryan Little,WPG,C,82,16,27,43,2,28,0.52,2,12,0,0,2,1,129,12.4,16:56,23,56
Ryan Lomberg,CGY,L,7,0,1,1,0,15,0.14,0,0,0,0,0,0,5,0,6:15,9.1,0
Ben Lovejoy,NJD,D,57,2,6,8,7,25,0.14,0,0,0,1,0,0,74,2.7,16:35,23.6,0
Keegan Lowe,EDM,D,2,0,0,0,-1,0,--,0,0,0,0,0,0,4,0,13:54,20,0
Adam Lowry,WPG,C,45,8,13,21,9,8,0.47,1,2,0,0,1,0,70,11.4,14:54,21,55.9
Milan Lucic,EDM,L,82,10,24,34,-12,80,0.41,3,7,0,0,1,0,147,6.8,15:58,20.1,55.8
Olli Maatta,PIT,D,82,7,22,29,-1,28,0.35,0,8,0,0,3,0,164,4.3,18:45,25.5,0
Kurtis MacDermid,LAK,D,34,1,3,4,-4,57,0.12,0,0,0,0,0,0,19,5.3,11:36,16.7,0
Andrew MacDonald,PHI,D,66,6,15,21,8,30,0.32,0,0,0,1,2,0,82,7.3,19:51,25.7,0
Derek MacKenzie,FLA,C,75,3,11,14,-9,31,0.19,0,0,1,4,0,0,86,3.5,11:18,17.5,52.1
Nathan MacKinnon,COL,C,74,39,58,97,11,55,1.31,12,32,0,1,12,3,284,13.7,19:54,23.8,41.9
Denis Malgin,FLA,C,51,11,11,22,4,6,0.43,1,6,0,0,3,0,79,13.9,13:51,19.3,42.6
Evgeni Malkin,PIT,C,78,42,56,98,16,87,1.26,14,38,0,0,7,2,239,17.6,18:59,23.4,43.7
Brad Malone,EDM,C,7,0,0,0,0,6,--,0,0,0,0,0,0,9,0,7:59,12.3,67.7
Maxim Mamin,FLA,C,26,3,1,4,2,7,0.15,0,0,0,0,1,0,28,10.7,10:31,15.3,0
Andrew Mangiapane,CGY,L,10,0,0,0,-3,2,--,0,0,0,0,0,0,7,0,8:56,12.9,100
Brandon Manning,PHI,D,65,7,12,19,0,56,0.29,0,1,0,0,2,0,111,6.3,17:57,23.4,0
Josh Manson,ANA,D,80,7,30,37,34,62,0.46,0,0,0,1,2,0,117,6,20:21,23.8,0
Anthony Mantha,DET,R,80,24,24,48,-1,52,0.6,9,12,0,0,2,0,190,12.6,17:18,21.2,32.7
Brad Marchand,BOS,L,68,34,51,85,25,63,1.25,8,23,1,4,8,5,182,18.7,19:43,24.3,39.7
Jonathan Marchessault,VGK,C,77,27,48,75,36,40,0.97,6,16,0,0,6,2,268,10.1,17:30,20.1,43.5
Martin Marincin,TOR,D,2,0,0,0,-2,2,--,0,0,0,0,0,0,0,0,16:41,25,0
Patrick Marleau,TOR,C,82,27,20,47,1,16,0.57,5,9,0,0,5,1,203,13.3,16:59,23.6,52.1
Mitchell Marner,TOR,C,82,22,47,69,-1,26,0.84,8,27,0,0,2,0,194,11.3,16:23,22.2,52.6
Patrick Maroon,EDM,L,74,17,26,43,1,73,0.58,1,7,0,0,4,0,141,12,16:32,20,45.8
Danick Martel,PHI,L,4,0,0,0,-1,0,--,0,0,0,0,0,0,6,0,10:13,14.5,0
Matt Martin,TOR,L,50,3,9,12,0,50,0.24,0,0,0,0,0,0,46,6.5,7:59,12.1,75
Paul Martin,SJS,D,14,0,2,2,3,2,0.14,0,0,0,0,0,0,6,0,14:46,19.3,0
Alec Martinez,LAK,D,77,9,16,25,3,34,0.32,2,11,0,1,0,0,111,8.1,22:52,28.3,0
Jordan Martinook,ARI,L,81,6,9,15,-24,45,0.19,0,0,0,1,1,0,112,5.3,14:01,21,36.4
Andreas Martinsen,CHI,L,9,1,0,1,-1,17,0.11,0,0,0,0,0,0,14,7.1,12:38,17.6,0
Mike Matheson,FLA,D,81,10,17,27,-1,61,0.33,1,4,0,1,2,1,167,6,21:20,26.9,0
Stefan Matteau,VGK,C,8,0,1,1,0,0,0.13,0,0,0,0,0,0,8,0,8:12,12.3,50
Auston Matthews,TOR,C,62,34,29,63,25,12,1.02,5,13,0,0,5,2,187,18.2,18:08,24.1,54.5
Shawn Matthias,WPG,L,27,1,2,3,-1,10,0.11,0,0,0,0,0,0,26,3.8,11:10,16.8,42.9
Scott Mayfield,NYI,D,47,2,10,12,-6,45,0.26,0,0,0,0,0,0,58,3.4,17:51,21.6,0
Charlie McAvoy,BOS,D,63,7,25,32,20,53,0.51,2,7,0,0,2,1,77,9.1,22:09,26.4,0
Jake McCabe,BUF,D,53,3,9,12,-11,26,0.23,1,1,0,0,0,0,53,5.7,19:30,26.5,0
Jared McCann,FLA,C,68,9,19,28,11,30,0.41,1,1,0,1,4,1,143,6.3,13:15,19.8,38.5
Michael McCarron,MTL,R,18,0,1,1,-1,32,0.06,0,0,0,0,0,0,15,0,8:46,12.9,48.8
Max McCormick,OTT,L,30,3,2,5,-5,37,0.17,0,0,0,0,0,0,33,9.1,8:21,12.1,42.9
Ian McCoshen,FLA,D,38,3,1,4,-10,25,0.11,0,0,0,0,1,0,26,11.5,15:05,20.1,0
Connor McDavid,EDM,C,82,41,67,108,20,26,1.32,5,20,1,4,7,2,274,15,21:33,23.7,41.4
Ryan McDonagh,NYR,D,63,4,25,29,8,20,0.46,1,9,0,1,0,0,99,4,23:20,29.1,0
Brock McGinn,CAR,L,80,16,14,30,-12,22,0.38,2,3,1,1,1,0,159,10.1,14:30,20.7,45.9
Jamie McGinn,FLA,L,76,13,16,29,-5,33,0.38,4,6,0,0,0,0,116,11.2,13:27,19.4,26.9
Greg McKegg,PIT,C,26,2,2,4,-4,8,0.15,0,0,1,1,0,0,21,9.5,9:41,14.8,49.4
Curtis McKenzie,DAL,L,7,0,2,2,3,11,0.29,0,0,0,0,0,0,11,0,8:06,12.6,0
Roland McKeown,CAR,D,10,0,3,3,3,19,0.3,0,0,0,0,0,0,7,0,13:25,18.1,0
Cody McLeod,NSH,L,48,1,3,4,-11,111,0.08,0,0,0,0,0,0,36,2.8,7:23,11.2,0
Brayden McNabb,VGK,D,76,5,10,15,26,52,0.2,0,0,0,0,1,0,88,5.7,20:09,25.3,0
Adam McQuaid,BOS,D,38,1,3,4,-1,62,0.11,0,0,0,0,1,0,39,2.6,15:42,21.9,0
Wade Megan,STL,C,1,0,0,0,0,0,--,0,0,0,0,0,0,1,0,8:21,10,50
Jaycob Megna,ANA,D,14,0,1,1,-4,2,0.07,0,0,0,0,0,0,7,0,15:43,20.4,0
Jayson Megna,VAN,C,1,0,0,0,0,0,--,0,0,0,0,0,0,0,0,4:18,7,0
Timo Meier,SJS,R,81,21,15,36,2,51,0.44,3,4,0,0,4,0,210,10,14:52,20.4,48.6
Nicholas Merkley,ARI,R,1,0,0,0,0,2,--,0,0,0,0,0,0,0,0,13:30,19,0
Dakota Mermis,ARI,D,9,0,0,0,-2,0,--,0,0,0,0,0,0,7,0,10:59,15.7,0
Jon Merrill,VGK,D,34,1,2,3,7,22,0.09,0,0,0,0,1,0,30,3.3,16:05,20.4,0
Victor Mete,MTL,D,49,0,7,7,5,4,0.14,0,4,0,0,0,0,43,0,15:35,21.4,0
Marc Methot,DAL,D,36,1,2,3,11,31,0.08,0,0,0,0,0,0,25,4,17:53,26.5,0
Sonny Milano,CBJ,L,55,14,8,22,-8,10,0.4,0,4,0,0,3,1,69,20.3,11:39,15.8,0
J.T. Miller,NYR,C,82,23,35,58,-4,40,0.71,11,18,0,0,5,2,143,16.1,17:01,22.6,54.3
Colin Miller,VGK,D,82,10,31,41,-4,53,0.5,5,17,0,1,2,0,177,5.6,19:21,24.2,100
Kevan Miller,BOS,D,68,1,15,16,16,70,0.24,0,0,0,2,0,0,64,1.6,19:28,25.4,0
Andrei Mironov,COL,D,10,1,2,3,2,12,0.3,0,0,0,0,0,0,3,33.3,11:03,15.9,0
Torrey Mitchell,MTL,C,60,6,5,11,-5,30,0.18,0,0,0,1,0,0,55,10.9,11:24,17.6,49.6
Zack Mitchell,MIN,R,23,3,2,5,-2,4,0.22,1,1,0,0,1,0,17,17.6,10:32,15,48.4
Casey Mittelstadt,BUF,C,6,1,4,5,1,2,0.83,1,1,0,0,0,0,9,11.1,14:01,20.3,47.2
Sean Monahan,CGY,C,74,31,33,64,3,24,0.86,9,19,0,0,11,3,202,15.3,18:41,21.3,50.4
Brandon Montour,ANA,D,80,9,23,32,16,42,0.4,5,12,1,2,5,0,160,5.6,20:28,22.6,0
John Moore,NJD,D,81,7,11,18,3,47,0.22,0,2,1,1,2,2,141,5,20:01,27.3,0
Dominic Moore,TOR,C,50,6,6,12,3,16,0.24,0,0,0,1,0,0,46,13,10:18,15.7,54.3
Samuel Morin,PHI,D,2,0,0,0,1,4,--,0,0,0,0,0,0,1,0,15:49,21.5,0
Josh Morrissey,WPG,D,81,7,19,26,15,47,0.32,0,1,0,0,0,0,102,6.9,20:27,24.7,50
Joe Morrow,MTL,D,56,6,10,16,-4,26,0.29,1,5,0,0,0,0,83,7.2,16:44,22.1,0
Tyler Motte,CBJ,C,46,5,2,7,-4,6,0.15,0,0,0,0,0,0,64,7.8,11:13,15.8,27.3
Matt Moulson,BUF,L,14,0,0,0,-9,2,--,0,0,0,0,0,0,13,0,10:17,14.1,0
Mirco Mueller,NJD,D,28,0,4,4,1,4,0.14,0,0,0,2,0,0,19,0,16:41,23.7,0
Connor Murphy,CHI,D,76,2,12,14,-3,34,0.18,0,0,0,0,0,0,109,1.8,16:22,23.8,0
Ryan Murphy,MIN,D,21,2,3,5,8,16,0.24,1,1,0,0,0,0,25,8,19:01,22.1,0
Trevor Murphy,ARI,D,8,1,2,3,5,0,0.38,0,0,0,0,0,0,5,20,14:14,20.3,0
Ryan Murray,CBJ,D,44,1,11,12,4,8,0.27,0,0,0,0,0,0,34,2.9,18:26,24.1,0
Jake Muzzin,LAK,D,74,8,34,42,10,40,0.57,4,14,0,1,1,0,154,5.2,21:39,27.5,0
Tyler Myers,WPG,D,82,6,30,36,9,48,0.44,3,17,1,1,3,1,150,4,21:26,24.9,0
Vladislav Namestnikov,TBL,C,81,22,26,48,6,45,0.59,9,16,0,0,2,0,155,14.2,17:05,21.2,45.8
Riley Nash,BOS,C,76,15,26,41,16,18,0.54,2,3,0,0,1,0,113,13.3,15:25,20.2,48.4
Rick Nash,NYR,L,71,21,13,34,-12,28,0.48,5,7,0,0,2,0,230,9.1,17:03,24.3,21.1
James Neal,VGK,L,71,25,19,44,-11,24,0.62,5,9,0,0,6,1,202,12.4,17:11,19.9,0
Martin Necas,CAR,C,1,0,0,0,0,0,--,0,0,0,0,0,0,0,0,6:54,13,0
Brock Nelson,NYI,C,82,19,16,35,-4,43,0.43,4,8,0,0,3,1,138,13.8,14:44,18.3,48.3
Casey Nelson,BUF,D,37,3,5,8,-14,8,0.22,0,0,1,2,0,0,48,6.3,18:47,24.4,0
Patrik Nemeth,COL,D,68,3,12,15,27,41,0.22,0,0,0,2,0,0,73,4.1,19:51,24.7,0
Aaron Ness,WSH,D,8,0,1,1,2,8,0.13,0,0,0,0,0,0,2,0,12:44,19.4,0
Nino Niederreiter,MIN,R,63,18,14,32,14,36,0.51,7,8,0,0,4,1,133,13.5,15:00,18.2,45.5
Frans Nielsen,DET,C,79,16,17,33,1,14,0.42,4,7,2,3,3,0,134,11.9,15:50,23.4,46.4
Matt Nieto,COL,L,74,15,11,26,6,14,0.35,0,0,1,1,1,0,84,17.8,14:55,20.2,30.8
Boo Nieves,NYR,C,28,1,8,9,6,12,0.32,0,0,0,0,0,0,23,4.3,10:12,15.9,44.3
Sami Niku,WPG,D,1,1,0,1,0,0,1,0,0,0,0,0,0,2,50,15:13,18,0
Matt Niskanen,WSH,D,68,7,22,29,24,36,0.43,0,0,0,1,1,0,120,5.8,22:36,24.9,0
Stefan Noesen,NJD,R,72,13,14,27,12,36,0.38,0,0,0,0,4,0,127,10.2,13:17,17.6,36.4
Jordan Nolan,BUF,C,69,4,4,8,-13,69,0.12,0,0,0,0,0,0,50,8,9:48,14.3,25
Joakim Nordstrom,CAR,C,75,2,5,7,-11,6,0.09,0,0,0,0,0,0,97,2.1,10:34,16.6,46.8
Tomas Nosek,VGK,L,67,7,8,15,6,14,0.22,0,0,1,2,0,0,92,7.6,11:06,15,53.8
Ryan Nugent-Hopkins,EDM,C,62,24,24,48,10,20,0.77,4,9,2,3,2,1,151,15.9,18:05,22.5,48.8
Darnell Nurse,EDM,D,82,6,20,26,15,67,0.32,0,0,0,0,2,1,194,3.1,22:15,27.7,0
Markus Nutivaara,CBJ,D,61,7,16,23,13,14,0.38,1,2,0,0,1,0,79,8.9,16:02,21,0
William Nylander,TOR,C,82,20,41,61,20,10,0.74,5,12,0,0,8,2,184,10.9,16:41,22.8,51.4
Alexander Nylander,BUF,R,3,1,0,1,-3,0,0.33,0,0,0,0,0,0,2,50,12:52,18,0
Gustav Nyquist,DET,R,82,21,19,40,-2,20,0.49,3,8,0,0,2,0,213,9.8,17:51,22.1,46.2
Jim O'Brien,OTT,C,10,0,1,1,-1,0,0.1,0,0,0,0,0,0,11,0,8:45,12.9,42.2
Liam O'Brien,WSH,C,3,0,0,0,0,5,--,0,0,0,0,0,0,1,0,6:55,10,0
Rob O'Gara,BOS,D,30,0,3,3,-7,6,0.1,0,0,0,0,0,0,21,0,15:31,21.5,0
Will O'Neill,PHI,D,1,0,0,0,0,0,--,0,0,0,0,0,0,3,0,9:25,12,0
Danny O'Regan,SJS,C,21,0,4,4,-2,2,0.19,0,1,0,0,0,0,17,0,9:58,14.5,48.3
Ryan O'Reilly,BUF,C,81,24,37,61,-23,2,0.75,15,23,0,4,3,1,230,10.4,20:49,26.3,60
Cal O'Reilly,MIN,C,1,0,0,0,0,0,--,0,0,0,0,0,0,1,0,8:16,12,40
Johnny Oduya,OTT,D,52,4,4,8,1,32,0.15,0,0,0,0,0,0,59,6.8,17:07,24.4,0
Jordan Oesterle,CHI,D,55,5,10,15,-11,8,0.27,1,3,0,0,0,0,99,5.1,20:31,25.7,0
Kyle Okposo,BUF,R,76,15,29,44,-34,40,0.58,6,21,0,0,2,0,161,9.3,17:02,20.3,46
Jamie Oleksiak,DAL,D,68,5,12,17,7,87,0.25,1,1,0,0,1,0,81,6.2,16:40,23.1,0
Gustav Olofsson,MIN,D,41,0,8,8,0,14,0.2,0,0,0,0,0,0,22,0,12:46,16.7,0
Dmitry Orlov,WSH,D,82,10,21,31,10,22,0.38,0,4,0,0,2,0,125,8,23:08,25.5,0
Brooks Orpik,WSH,D,81,0,10,10,-9,68,0.12,0,0,0,0,0,0,54,0,19:22,22.2,0
T.J. Oshie,WSH,R,74,18,29,47,2,31,0.64,9,18,0,0,3,0,127,14.2,18:25,20.8,47.9
Xavier Ouellet,DET,D,45,0,7,7,-3,6,0.16,0,0,0,0,0,0,57,0,13:51,18.3,0
Alex Ovechkin,WSH,L,82,49,38,87,3,32,1.06,17,31,0,0,7,3,355,13.8,20:09,21.1,37.5
Magnus Paajarvi,STL,L,79,8,4,12,-11,12,0.15,0,0,0,0,0,0,126,6.3,12:27,17.9,25
Max Pacioretty,MTL,L,64,17,20,37,-16,30,0.58,6,15,1,1,4,2,212,8,19:01,23.5,35
Jean-Gabriel Pageau,OTT,C,78,14,15,29,-14,36,0.37,1,2,1,1,2,1,147,9.5,16:44,22.9,51.2
Iiro Pakarinen,EDM,R,40,2,1,3,1,6,0.07,0,0,0,0,0,0,50,4,10:12,15.5,16.7
Ondrej Palat,TBL,L,56,11,24,35,16,6,0.63,4,9,1,1,0,0,109,10.1,17:00,22.2,22.6
Kyle Palmieri,NJD,R,62,24,20,44,-1,30,0.71,11,23,0,0,5,0,181,13.3,17:19,22.4,33.3
Artemi Panarin,CBJ,L,81,27,55,82,23,26,1.01,7,21,0,0,5,1,228,11.8,20:08,23.1,0
Richard Panik,CHI,R,72,14,21,35,7,38,0.49,4,6,0,0,0,0,136,10.3,15:12,19.9,33.3
Cedric Paquette,TBL,C,56,5,4,9,-5,41,0.16,0,1,0,0,2,0,64,7.8,10:12,15,46.9
Colton Parayko,STL,D,82,6,29,35,-7,13,0.43,2,9,0,0,0,0,212,2.8,22:37,27,0
Zach Parise,MIN,L,42,15,9,24,0,14,0.57,2,3,0,0,4,0,119,12.6,17:05,20.9,41.7
David Pastrnak,BOS,R,82,35,45,80,10,37,0.98,13,26,0,0,5,0,246,14.2,17:58,21.2,20
Greg Pateryn,DAL,D,73,1,12,13,6,50,0.18,0,0,0,0,0,0,100,1,19:37,26.4,0
Nolan Patrick,PHI,C,73,13,17,30,1,30,0.41,5,8,0,0,2,0,127,10.2,13:43,19,50.6
Nick Paul,OTT,L,11,1,0,1,-4,0,0.09,0,0,0,0,0,0,11,9.1,7:54,11.1,25
Joe Pavelski,SJS,C,82,22,44,66,0,41,0.8,7,23,0,0,1,0,224,9.8,19:15,24,54.9
Tanner Pearson,LAK,L,82,15,25,40,11,27,0.49,2,5,0,0,4,2,180,8.3,15:58,22.7,49.3
Matthew Peca,TBL,C,10,2,3,5,6,0,0.5,0,0,0,0,0,0,17,11.8,13:40,18.4,56.9
Adam Pelech,NYI,D,78,3,16,19,7,28,0.24,0,2,0,1,1,0,106,2.8,19:16,23.6,0
Anthony Peluso,WSH,R,2,0,0,0,0,4,--,0,0,0,0,0,0,0,0,4:39,8,0
Brendan Perlini,ARI,L,74,17,13,30,-2,28,0.41,5,11,0,0,1,0,129,13.2,14:31,20.2,45.5
Mathieu Perreault,WPG,C,70,17,22,39,4,38,0.56,6,14,0,1,2,0,139,12.2,14:28,19.1,55.9
David Perron,VGK,L,70,16,50,66,1,50,0.94,1,18,0,0,4,3,125,12.8,17:49,20.4,40.3
Corey Perry,ANA,R,71,17,32,49,-4,71,0.69,4,11,0,0,1,0,168,10.1,17:47,22,12.5
Brett Pesce,CAR,D,65,3,16,19,-6,18,0.29,0,0,0,0,1,0,88,3.4,20:54,25.3,0
Nic Petan,WPG,L,15,2,0,2,0,6,0.13,0,0,0,0,1,0,16,12.5,8:25,11.1,48
Alexander Petrovic,FLA,D,67,2,11,13,-2,98,0.19,0,0,0,0,1,0,60,3.3,14:39,19.1,0
Jeff Petry,MTL,D,82,12,30,42,-30,28,0.51,6,23,0,0,2,0,178,6.7,23:30,28.7,0
Marcus Pettersson,ANA,D,22,1,3,4,5,6,0.18,0,1,0,0,0,0,16,6.3,13:37,16.9,0
Dion Phaneuf,OTT,D,79,6,20,26,-15,49,0.33,4,11,0,0,0,0,134,4.5,20:00,26.5,0
Blake Pietila,NJD,L,2,0,0,0,0,0,--,0,0,0,0,0,0,1,0,9:28,11.5,0
Alex Pietrangelo,STL,D,78,15,39,54,8,22,0.69,3,13,0,1,5,1,216,6.9,25:44:00,27.9,0
Neal Pionk,NYR,D,28,1,13,14,-1,12,0.5,0,5,0,0,0,0,54,1.8,22:23,28.8,0
Brandon Pirri,VGK,C,2,3,0,3,3,0,1.5,0,0,0,0,0,0,11,27.3,17:37,19.5,50
Tyler Pitlick,DAL,C,80,14,13,27,9,34,0.34,0,0,0,1,2,0,129,10.8,13:41,21.5,27.7
Tomas Plekanec,MTL,C,77,6,20,26,1,45,0.34,0,0,0,0,1,1,144,4.2,15:08,21.9,53.3
Brayden Point,TBL,C,82,32,34,66,18,24,0.8,5,11,3,5,12,4,217,14.7,19:37,24.7,47.4
Roman Polak,TOR,D,54,2,10,12,5,46,0.22,0,0,0,0,0,0,47,4.3,17:39,23.6,0
Jason Pominville,BUF,R,82,16,18,34,-17,8,0.41,5,7,0,0,1,1,168,9.5,14:54,20.3,57.9
Tucker Poolman,WPG,D,24,1,1,2,2,0,0.08,0,0,0,0,0,0,27,3.7,12:34,16.4,0
Paul Postma,BOS,D,14,0,1,1,-2,2,0.07,0,0,0,0,0,0,14,0,10:14,14.9,0
Derrick Pouliot,VAN,D,71,3,19,22,-22,39,0.31,1,9,0,1,3,0,78,3.8,17:51,23.1,0
Benoit Pouliot,BUF,L,74,13,6,19,-8,22,0.26,1,1,2,2,4,0,83,15.7,13:41,19.8,36.4
Shane Prince,NYI,L,14,1,1,2,-3,11,0.14,0,0,0,0,0,0,20,5,12:00,14.5,45.5
Nate Prosser,STL,D,57,3,6,9,8,19,0.16,0,0,1,1,1,0,27,11.1,13:28,17.6,0
Dalton Prout,NJD,D,4,0,0,0,-2,13,--,0,0,0,0,0,0,5,0,13:59,20,0
Ivan Provorov,PHI,D,82,17,24,41,17,20,0.5,2,5,0,0,2,0,203,8.4,24:09:00,28.9,0
Jesse Puljujarvi,EDM,R,65,12,8,20,-1,14,0.31,2,2,0,0,2,0,136,8.8,13:22,17.5,0
Ryan Pulock,NYI,D,68,10,22,32,-4,14,0.47,5,11,0,0,0,0,184,5.4,18:24,22.1,0
Tom Pyatt,OTT,L,81,7,15,22,-12,10,0.27,0,0,1,2,2,0,103,6.8,14:03,20.3,33.3
Mark Pysyk,FLA,D,82,3,13,16,-8,20,0.2,0,0,0,0,0,0,106,2.8,18:46,25.8,0
John Quenneville,NJD,C,2,0,0,0,-3,0,--,0,0,0,0,0,0,5,0,13:18,16.5,0
Kyle Quincey,MIN,D,18,0,3,3,-4,28,0.17,0,0,0,0,0,0,11,0,14:17,19.6,0
Alan Quine,NYI,C,21,0,3,3,-2,4,0.14,0,0,0,0,0,0,15,0,11:44,15.1,38.8
Alexander Radulov,DAL,R,82,27,45,72,4,72,0.88,7,23,0,0,4,2,217,12.4,20:08,25.5,60
Michael Raffl,PHI,L,76,13,9,22,9,28,0.29,1,1,0,0,3,0,96,13.5,13:15,19,59.1
Rickard Rakell,ANA,C,77,34,35,69,6,14,0.9,8,18,0,0,3,1,230,14.8,19:25,23.3,46.5
Mikko Rantanen,COL,R,81,29,55,84,0,34,1.04,12,35,0,0,3,0,178,16.3,18:58,22.8,51.3
Victor Rask,CAR,C,71,14,17,31,0,12,0.44,4,11,0,0,3,0,126,11.1,15:23,20.7,54.9
Dennis Rasmussen,ANA,C,27,1,3,4,4,8,0.15,0,0,0,0,0,0,19,5.3,8:54,13.3,48.6
Ty Rattie,EDM,R,14,5,4,9,1,2,0.64,0,0,0,0,1,0,32,15.6,15:28,18.4,0
Kyle Rau,MIN,C,3,0,1,1,0,0,0.33,0,0,0,0,0,0,4,0,11:02,16,0
Matt Read,PHI,R,19,1,0,1,-2,2,0.05,0,0,0,0,0,0,16,6.3,10:54,15.2,33.3
Ryan Reaves,PIT,R,79,4,6,10,-7,94,0.13,0,0,0,0,1,0,42,9.5,7:36,10.5,50
Zach Redmond,BUF,D,3,0,0,0,1,2,--,0,0,0,0,0,0,7,0,14:29,19.7,0
Mike Reilly,MIN,D,57,2,16,18,-5,26,0.32,0,6,0,0,0,0,65,3.1,14:58,19.6,0
Sam Reinhart,BUF,C,82,25,25,50,-24,26,0.61,12,21,0,0,5,0,188,13.3,17:06,21,39.4
Mitch Reinke,STL,D,1,0,0,0,0,0,--,0,0,0,0,0,0,1,0,13:05,21,0
Brad Richardson,ARI,C,76,3,12,15,-24,45,0.2,0,0,0,0,0,0,105,2.9,14:46,22.4,52.1
Tobias Rieder,ARI,R,78,12,13,25,-12,6,0.32,2,3,0,0,0,0,114,10.5,14:39,21.7,47.8
Morgan Rielly,TOR,D,76,6,46,52,-4,14,0.68,1,25,0,0,0,0,182,3.3,21:36,29.7,0
Zac Rinaldo,ARI,C,53,5,2,7,-7,44,0.13,0,0,0,0,0,0,56,8.9,11:17,17.1,26.7
Rasmus Ristolainen,BUF,D,73,6,35,41,-25,48,0.56,1,23,0,0,1,1,182,3.3,26:30:00,29,0
Nick Ritchie,ANA,L,76,10,17,27,3,72,0.36,1,3,0,0,2,0,122,8.2,13:11,18.3,35.3
Brett Ritchie,DAL,R,71,7,7,14,1,42,0.2,2,3,0,0,0,0,117,6,10:50,16.5,0
Eric Robinson,CBJ,L,1,0,0,0,1,0,--,0,0,0,0,0,0,2,0,11:21,14,0
Jack Rodewald,OTT,R,4,0,0,0,-1,2,--,0,0,0,0,0,0,0,0,7:18,10.3,0
Evan Rodrigues,BUF,L,48,7,18,25,-10,14,0.52,1,6,0,0,0,0,91,7.7,13:56,18.5,42.4
Kevin Rooney,NJD,C,1,0,0,0,0,0,--,0,0,0,0,0,0,3,0,11:46,18,33.3
Calle Rosen,TOR,D,4,0,1,1,-3,4,0.25,0,0,0,0,0,0,5,0,12:47,19.5,0
Jack Roslovic,WPG,C,31,5,9,14,5,2,0.45,0,0,0,0,1,0,38,13.2,12:19,16.7,46.2
Antoine Roussel,DAL,L,73,5,12,17,1,126,0.23,0,0,0,0,0,0,85,5.9,12:26,19.9,57.9
Carter Rowney,PIT,R,44,2,3,5,-13,4,0.11,0,0,1,1,0,0,21,9.5,9:21,14.8,52.9
Kevin Roy,ANA,L,25,6,1,7,3,6,0.28,1,1,0,0,1,0,26,23.1,13:39,18.3,0
Nicolas Roy,CAR,C,1,0,0,0,-1,0,--,0,0,0,0,0,0,1,0,10:46,16,60
Chad Ruhwedel,PIT,D,44,2,3,5,-8,16,0.11,0,0,0,0,0,0,67,3,15:44,21.7,0
Kris Russell,EDM,D,78,4,17,21,-7,8,0.27,0,2,0,0,0,0,90,4.4,19:04,25.8,0
Bryan Rust,PIT,R,69,13,25,38,11,26,0.55,2,4,2,3,3,1,123,10.6,16:03,23.3,25.8
Jan Rutta,CHI,D,57,6,14,20,-1,24,0.35,2,4,0,1,1,0,71,8.5,19:15,27.3,0
Derek Ryan,CAR,C,80,15,23,38,-15,28,0.47,3,7,0,0,1,0,135,11.1,15:36,21.3,56.5
Bobby Ryan,OTT,R,62,11,22,33,-12,14,0.53,1,4,0,0,1,0,112,9.8,16:27,21,54.5
Joakim Ryan,SJS,D,62,3,9,12,13,8,0.19,0,0,0,1,1,0,79,3.8,16:45,20.9,0
Kerby Rychel,MTL,L,4,1,1,2,-2,2,0.5,0,0,0,0,0,0,7,14.3,11:02,16,50
Brandon Saad,CHI,L,82,18,17,35,-10,14,0.43,1,1,0,0,8,2,237,7.6,17:30,23.6,46.3
Miikka Salomaki,NSH,R,58,2,6,8,-8,34,0.14,0,0,0,0,0,0,51,3.9,10:17,14.9,41.7
Travis Sanheim,PHI,D,49,2,8,10,-6,20,0.2,0,0,0,0,0,0,72,2.8,15:35,20.4,0
Steven Santini,NJD,D,36,2,8,10,0,21,0.28,0,0,0,1,0,0,56,3.6,20:16,27.4,0
Ashton Sautner,VAN,D,5,0,2,2,4,2,0.4,0,0,0,0,0,0,3,0,13:22,17.6,0
David Savard,CBJ,D,81,4,12,16,2,32,0.2,0,0,0,1,0,0,145,2.8,19:23,24.5,0
Luca Sbisa,VGK,D,30,2,12,14,8,15,0.47,0,0,0,1,0,0,26,7.7,19:31,25.2,0
Marco Scandella,BUF,D,82,5,17,22,-15,37,0.27,0,4,0,1,1,1,138,3.6,23:19,28.4,0
Colton Sceviour,FLA,C,76,11,13,24,6,24,0.32,0,0,1,3,2,0,141,7.8,13:26,19,48.7
Tim Schaller,BOS,C,82,12,10,22,-5,42,0.27,0,0,3,3,0,0,133,9,13:17,18.6,45.8
Mark Scheifele,WPG,C,60,23,37,60,19,18,1,8,16,2,3,3,0,125,18.4,20:41,24.6,51.2
Brayden Schenn,STL,C,82,28,42,70,10,56,0.85,8,19,0,0,8,2,210,13.3,19:44,23.8,48
Luke Schenn,ARI,D,64,1,6,7,-12,35,0.11,0,0,0,0,1,0,59,1.7,16:23,23,0
Nikita Scherbak,MTL,R,26,4,2,6,-5,8,0.23,1,3,1,1,0,0,39,10.3,13:23,17.7,100
David Schlemko,MTL,D,37,1,4,5,3,6,0.14,0,2,0,0,1,0,38,2.6,18:04,24.6,0
Nick Schmaltz,CHI,C,78,21,31,52,1,18,0.67,4,13,0,2,2,0,118,17.8,18:14,22.9,40.1
Jordan Schmaltz,STL,D,13,0,1,1,0,6,0.08,0,0,0,0,0,0,5,0,10:58,16.6,0
Nate Schmidt,VGK,D,76,5,31,36,19,16,0.47,1,11,0,0,1,0,103,4.9,22:14,27.2,0
Jordan Schroeder,CBJ,C,21,1,1,2,-4,4,0.1,0,0,0,0,0,0,20,5,7:29,11.2,61.9
Justin Schultz,PIT,D,63,4,23,27,22,14,0.43,0,10,0,0,1,1,109,3.7,19:31,25.3,0
Jaden Schwartz,STL,L,62,24,35,59,15,26,0.95,6,11,1,1,3,1,157,15.3,19:24,24,41.1
Brent Seabrook,CHI,D,81,7,19,26,-3,38,0.32,2,8,0,0,0,0,136,5.1,20:12,28.8,0
Daniel Sedin,VAN,L,81,23,32,55,-21,40,0.68,9,23,0,0,5,1,189,12.2,15:16,20.9,45
Henrik Sedin,VAN,C,82,3,47,50,-22,30,0.61,0,17,0,0,0,0,67,4.5,15:33,21,46.5
Lukas Sedlak,CBJ,C,53,4,4,8,-3,21,0.15,0,0,0,0,0,0,50,8,9:24,13.7,51.5
Nick Seeler,MIN,D,22,0,4,4,10,21,0.18,0,0,0,0,0,0,17,0,14:32,19.2,0
Tyler Seguin,DAL,C,82,40,38,78,12,43,0.95,14,25,1,2,6,1,335,11.9,20:55,28.9,54.9
Dennis Seidenberg,NYI,D,28,0,5,5,-9,17,0.18,0,0,0,0,0,0,31,0,17:53,20.6,0
Andrej Sekera,EDM,D,36,0,8,8,-15,6,0.22,0,2,0,0,0,0,36,0,16:20,22.3,0
Mikhail Sergachev,TBL,D,79,9,31,40,11,38,0.51,3,16,0,0,5,0,141,6.4,15:22,19.3,0
Damon Severson,NJD,D,76,9,15,24,-8,42,0.32,0,4,0,0,2,0,121,7.4,19:41,25.1,0
Ben Sexton,OTT,C,2,0,0,0,-1,0,--,0,0,0,0,0,0,1,0,10:17,13.5,60
Patrick Sharp,CHI,L,70,10,11,21,-16,14,0.3,0,4,0,0,1,0,143,7,12:53,17.1,55.2
Kevin Shattenkirk,NYR,D,46,5,18,23,-14,44,0.5,2,12,0,0,1,1,94,5.3,20:16,25.5,0
Andrew Shaw,MTL,R,51,10,10,20,-8,53,0.39,5,7,0,0,0,0,94,10.6,15:49,19.4,54.3
Logan Shaw,ANA,R,72,4,10,14,-6,12,0.19,0,0,0,1,1,0,105,3.8,11:53,17.2,45.3
Riley Sheahan,DET,C,81,11,21,32,4,8,0.4,1,2,0,1,1,0,109,10.1,14:40,21.4,54.2
Conor Sheary,PIT,L,79,18,12,30,2,10,0.38,2,3,0,0,4,1,142,12.7,13:57,19.2,36.4
Vadim Shipachyov,VGK,C,3,1,0,1,3,2,0.33,0,0,0,0,1,0,3,33.3,10:35,14,57.1
Devin Shore,DAL,C,82,11,21,32,-30,14,0.39,2,11,1,2,1,0,123,8.9,15:26,22.8,46.3
Nick Shore,LAK,C,64,5,14,19,-3,16,0.3,0,1,0,0,1,1,74,6.8,14:10,19.9,47.7
Patrick Sieloff,OTT,D,1,1,0,1,-2,0,1,0,0,0,0,0,0,3,33.3,11:11,19,0
Duncan Siemens,COL,D,16,1,1,2,-5,23,0.13,0,0,0,0,0,0,14,7.1,12:19,17.4,0
Dylan Sikura,CHI,R,5,0,3,3,2,0,0.6,0,0,0,0,0,0,9,0,13:24,16.2,0
Jakob Silfverberg,ANA,R,77,17,23,40,6,18,0.52,2,8,1,2,2,0,187,9.1,17:58,24.6,34
Wayne Simmonds,PHI,R,75,24,22,46,-16,57,0.61,11,17,1,1,5,1,176,13.6,18:05,22.7,57.1
Dominik Simon,PIT,C,33,4,8,12,2,16,0.36,0,0,0,0,0,0,36,11.1,11:25,15.8,42.9
Colton Sissons,NSH,C,81,9,18,27,2,42,0.33,1,7,0,3,4,0,120,7.5,16:06,22.6,55.3
Jeff Skinner,CAR,C,82,24,25,49,-27,34,0.6,4,9,0,0,2,0,277,8.7,16:42,21.3,43.3
Brady Skjei,NYR,D,82,4,21,25,-27,39,0.3,0,6,1,1,1,0,153,2.6,21:02,27.6,0
Jaccob Slavin,CAR,D,82,8,22,30,1,10,0.37,1,2,0,0,1,1,154,5.2,22:35,26.2,0
Anton Slepyshev,EDM,L,50,6,6,12,-4,8,0.24,0,0,0,0,0,0,73,8.2,11:49,15.8,14.3
Reilly Smith,VGK,R,67,22,38,60,31,24,0.9,7,14,1,2,4,1,162,13.6,17:55,22.2,30.8
Craig Smith,NSH,R,79,25,26,51,20,24,0.65,9,14,0,0,2,0,229,10.9,15:23,20.5,42.5
Zack Smith,OTT,L,68,5,14,19,-32,54,0.28,0,3,0,1,1,0,124,4,16:43,22,47.9
Gemel Smith,DAL,C,46,6,5,11,5,17,0.24,0,0,0,0,0,0,42,14.3,9:26,13.8,45.7
Brendan Smith,NYR,D,44,1,7,8,2,69,0.18,0,1,0,0,0,0,66,1.5,17:10,24.1,0
Devante Smith-Pelly,WSH,R,75,7,9,16,-6,38,0.21,0,0,0,0,1,0,103,6.8,12:21,15.4,48.5
Vladimir Sobotka,STL,C,81,11,20,31,-6,50,0.38,0,3,1,1,4,0,136,8.1,17:07,22.8,54.3
Carl Soderberg,COL,C,77,16,21,37,0,26,0.48,3,5,0,1,3,0,150,10.7,17:21,22.2,45.3
Marcus Sorensen,SJS,L,32,5,2,7,-5,5,0.22,0,0,0,0,1,0,25,20,10:09,15.2,50
Nikita Soshnikov,TOR,R,15,1,1,2,-2,4,0.13,0,0,0,0,0,0,17,5.9,11:01,16.1,0
Carson Soucy,MIN,D,3,0,0,0,-2,2,--,0,0,0,0,0,0,4,0,14:51,21,0
Jason Spezza,DAL,C,78,8,18,26,-12,12,0.33,4,11,0,0,3,0,138,5.8,13:00,18.8,55.8
Ryan Spooner,BOS,C,59,13,28,41,6,4,0.69,1,7,0,0,3,0,107,12.1,15:18,19.1,43.3
Daniel Sprong,PIT,R,8,2,1,3,2,0,0.38,0,0,0,0,1,0,22,9.1,13:59,19.5,0
Ryan Sproul,NYR,D,16,1,4,5,-6,6,0.31,0,1,0,0,0,0,15,6.7,16:22,22.9,0
Jared Spurgeon,MIN,D,61,9,28,37,-6,8,0.61,3,13,0,0,2,1,110,8.2,24:33:00,26.9,0
Eric Staal,MIN,C,82,42,34,76,8,42,0.93,11,17,2,3,4,0,241,17.4,17:49,21.5,51.2
Jordan Staal,CAR,C,79,19,27,46,-4,26,0.58,4,12,2,2,2,0,160,11.9,19:15,25.8,56.6
Marc Staal,NYR,D,72,1,7,8,11,18,0.11,0,0,0,0,0,0,68,1.5,18:32,25.3,0
Drew Stafford,NJD,R,59,8,7,15,-20,10,0.25,4,5,0,0,1,0,102,7.8,13:52,17,50.6
Matt Stajan,CGY,C,68,4,8,12,4,28,0.18,0,0,0,0,1,0,65,6.2,10:56,15.1,51.4
Steven Stamkos,TBL,C,78,27,59,86,18,72,1.1,15,33,0,0,1,0,212,12.7,18:46,22.3,52.2
Paul Stastny,STL,C,82,16,37,53,1,18,0.65,3,9,0,1,3,0,159,10.1,18:18,23.2,54.9
Troy Stecher,VAN,D,68,1,10,11,-7,35,0.16,0,1,0,1,0,0,94,1.1,18:49,23.9,0
Alexander Steen,STL,L,76,15,31,46,-11,20,0.61,4,14,1,1,2,0,168,8.9,18:42,24.6,40.7
Lee Stempniak,CAR,R,37,3,6,9,-8,4,0.24,1,1,0,0,0,0,41,7.3,12:28,17.4,21.4
Derek Stepan,ARI,C,82,14,42,56,-7,26,0.68,3,18,2,2,2,0,209,6.7,19:16,25.9,47.7
Chandler Stephenson,WSH,C,67,6,12,18,13,8,0.27,0,0,0,0,0,0,36,16.7,11:52,16.1,54.8
Chris Stewart,MIN,R,54,10,6,16,-5,27,0.3,1,1,0,0,1,0,68,14.7,10:45,14.4,30
Mark Stone,OTT,R,58,20,42,62,9,10,1.07,1,11,1,2,3,1,132,15.2,20:40,24.9,54.1
Michael Stone,CGY,D,82,3,7,10,-11,28,0.12,0,1,0,0,0,0,98,3.1,16:45,21.5,0
Anton Stralman,TBL,D,80,4,14,18,29,18,0.23,0,0,0,0,0,0,131,3,21:29,25.7,0
Mark Streit,MTL,D,2,0,0,0,-2,0,--,0,0,0,0,0,0,3,0,14:13,21,0
Ryan Strome,EDM,C,82,13,21,34,-4,33,0.41,2,6,0,1,3,0,147,8.8,15:13,19.8,44.3
Dylan Strome,ARI,C,21,4,5,9,4,8,0.43,1,1,0,0,0,0,30,13.3,12:57,18.2,43
P.K. Subban,NSH,D,82,16,43,59,18,82,0.72,5,25,0,1,2,0,207,7.7,24:07:00,28.3,33.3
Oskar Sundqvist,STL,C,42,1,4,5,-5,14,0.12,0,0,0,0,0,0,41,2.4,10:29,15.7,44.6
Andrej Sustr,TBL,D,44,2,5,7,-5,18,0.16,0,0,0,0,0,0,45,4.4,12:50,16.2,0
Ryan Suter,MIN,D,78,6,45,51,-1,34,0.65,1,23,0,1,2,0,149,4,26:47:00,27,0
Brandon Sutter,VAN,C,61,11,15,26,8,8,0.43,0,0,0,4,1,1,106,10.4,17:19,25,51.7
Evgeny Svechnikov,DET,R,14,2,2,4,-2,8,0.29,0,0,0,0,0,0,15,13.3,8:49,12.8,20
Jordan Szwarz,BOS,R,12,0,3,3,-4,2,0.25,0,1,0,0,0,0,19,0,11:31,16.7,40
Brandon Tanev,WPG,L,61,8,10,18,13,18,0.29,0,0,3,3,1,0,79,10.1,12:40,18.9,27.3
Christopher Tanev,VAN,D,42,2,9,11,7,8,0.26,0,0,0,2,0,0,31,6.5,19:47,26.8,0
Vladimir Tarasenko,STL,R,80,33,33,66,15,17,0.82,6,16,0,0,5,2,306,10.8,19:03,23.1,25
Tomas Tatar,DET,L,82,20,14,34,-19,34,0.41,9,13,0,0,4,1,174,11.5,16:16,21.6,13.3
John Tavares,NYI,C,82,37,47,84,-12,26,1.02,12,30,2,3,3,2,257,14.4,19:56,23.1,52.9
Matt Tennyson,BUF,D,15,0,0,0,-8,8,--,0,0,0,0,0,0,25,0,17:58,25.1,0
Teuvo Teravainen,CAR,L,82,23,41,64,8,14,0.78,5,20,0,0,3,0,185,12.4,16:53,21.8,30.6
Troy Terry,ANA,R,2,0,0,0,0,0,--,0,0,0,0,0,0,3,0,10:13,14.5,0
Shea Theodore,VGK,D,61,6,23,29,5,14,0.48,1,9,0,0,1,0,144,4.2,20:21,24.8,0
Nate Thompson,OTT,C,69,5,12,17,-1,20,0.25,0,0,1,1,0,0,53,9.4,12:46,19.2,56.4
Tage Thompson,STL,C,41,3,6,9,-12,12,0.22,0,1,0,0,0,0,55,5.5,11:55,15.6,10
Chris Thorburn,STL,R,50,1,6,7,-4,60,0.14,0,0,0,0,0,0,35,2.9,7:02,11.4,58.3
Joe Thornton,SJS,C,47,13,23,36,-9,38,0.77,7,18,0,0,1,0,75,17.3,18:21,22.9,52
Chris Tierney,SJS,C,82,17,23,40,0,8,0.49,3,7,2,4,2,0,118,14.4,16:00,22.7,51
Owen Tippett,FLA,R,7,1,0,1,-6,0,0.14,0,0,0,0,0,0,17,5.9,11:07,16.4,0
Matthew Tkachuk,CGY,L,68,24,25,49,-1,61,0.72,10,17,0,0,2,0,188,12.8,17:15,19.9,41.2
Jonathan Toews,CHI,C,74,20,32,52,-1,47,0.7,2,12,0,0,2,1,211,9.5,19:41,24.7,58
Tyler Toffoli,LAK,R,82,24,23,47,9,16,0.57,6,12,0,0,6,1,251,9.6,16:07,21.9,36
Eeli Tolvanen,NSH,R,3,0,0,0,0,0,--,0,0,0,0,0,0,3,0,12:07,19,0
Dominic Toninato,COL,C,37,0,2,2,0,12,0.05,0,0,0,0,0,0,25,0,7:54,11.5,41.7
Vincent Trocheck,FLA,C,82,31,44,75,-9,54,0.91,13,27,3,4,5,0,287,10.8,21:22,26.4,54.1
Zach Trotman,PIT,D,3,0,0,0,-3,0,--,0,0,0,0,0,0,6,0,12:47,19,0
Jacob Trouba,WPG,D,55,3,21,24,9,34,0.44,0,3,0,1,2,0,144,2.1,21:54,25.5,0
Alex Tuch,VGK,R,78,15,22,37,3,27,0.47,4,10,0,0,4,0,171,8.8,15:15,17.5,42.4
Dominic Turgeon,DET,C,5,0,0,0,-2,2,--,0,0,0,0,0,0,3,0,9:14,13.2,33.3
Kyle Turris,OTT,C,76,16,35,51,19,26,0.67,7,21,0,0,0,0,145,11,16:37,21.6,51.5
Scottie Upshall,STL,R,63,7,12,19,-1,46,0.3,0,0,0,0,2,0,71,9.8,10:51,16.7,53.3
Rinat Valiev,MTL,D,2,0,0,0,0,2,--,0,0,0,0,0,0,2,0,11:49,18.5,0
Curtis Valk,FLA,C,1,0,0,0,0,0,--,0,0,0,0,0,0,0,0,3:25,6,0
James van Riemsdyk,TOR,L,81,36,18,54,1,30,0.67,11,20,0,0,5,0,248,14.5,14:54,20.6,0
Trevor van Riemsdyk,CAR,D,79,3,13,16,9,20,0.2,0,0,0,0,1,0,111,2.7,17:03,22.1,0
Thomas Vanek,VAN,L,80,24,32,56,-3,36,0.7,4,15,0,0,1,0,168,14.3,14:05,19.8,25
Sami Vatanen,ANA,D,72,4,28,32,-7,40,0.44,1,13,0,1,0,0,145,2.8,22:24,27.8,0
Frank Vatrano,BOS,C,41,7,3,10,3,34,0.24,0,0,0,0,0,0,72,9.7,10:50,15.9,52.6
Antoine Vermette,ANA,C,64,8,8,16,-5,34,0.25,2,2,0,1,2,0,91,8.8,13:45,21.3,60
Kris Versteeg,CGY,R,24,3,5,8,-8,6,0.33,1,5,0,0,1,0,49,6.1,13:11,16.9,59
Jimmy Vesey,NYR,L,79,17,11,28,-18,20,0.35,1,3,0,0,4,0,136,12.5,14:20,19,46.9
Jake Virtanen,VAN,R,75,10,10,20,-11,46,0.27,0,0,0,0,1,0,130,7.7,11:59,18.5,31.8
Marc-Edouard Vlasic,SJS,D,81,11,21,32,9,34,0.4,1,3,0,1,2,1,161,6.8,22:33,26.4,0
Jakub Voracek,PHI,R,82,20,65,85,10,50,1.04,5,35,0,0,3,1,228,8.8,19:27,23.7,44.1
Jakub Vrana,WSH,L,73,13,14,27,2,12,0.37,1,3,0,0,2,0,133,9.8,12:30,15.6,52
Radim Vrbata,FLA,R,42,5,9,14,-7,16,0.33,2,4,0,0,0,0,88,5.7,12:54,19.1,33.3
Chris Wagner,ANA,R,79,7,9,16,-10,37,0.2,1,3,2,2,0,0,93,7.5,13:17,18.3,48.9
Nathan Walker,WSH,L,9,1,0,1,0,6,0.11,0,0,0,0,0,0,6,16.7,9:27,13.3,0
Lucas Wallmark,CAR,C,11,1,0,1,-4,2,0.09,0,0,0,0,0,0,16,6.3,9:30,15.3,55.1
Joel Ward,SJS,R,52,5,7,12,-2,20,0.23,0,0,0,0,2,0,40,12.5,11:52,18.1,46.3
David Warsofsky,COL,D,16,0,5,5,4,0,0.31,0,0,0,0,0,0,18,0,13:24,18.5,0
Austin Watson,NSH,L,76,14,5,19,2,123,0.25,0,0,4,5,3,0,96,14.6,12:20,18.1,62.8
Jordan Weal,PHI,C,69,8,13,21,-10,12,0.3,3,3,0,0,1,1,102,7.8,12:57,17.7,45.7
Shea Weber,MTL,D,26,6,10,16,-8,14,0.62,2,5,0,1,1,0,75,8,25:21:00,30.6,0
Yannick Weber,NSH,D,47,2,3,5,2,16,0.11,0,0,0,0,0,0,40,5,12:03,17.3,0
MacKenzie Weegar,FLA,D,60,2,6,8,5,32,0.13,0,0,0,0,0,0,58,3.4,14:34,19.2,0
Dale Weise,PHI,R,46,4,4,8,-7,21,0.17,0,0,0,0,0,0,44,9.1,10:34,15.4,50
Andy Welinski,ANA,D,7,0,2,2,-1,0,0.29,0,0,0,0,0,0,6,0,16:10,18.4,0
Alexander Wennberg,CBJ,C,66,8,27,35,22,12,0.53,3,5,0,1,2,1,74,10.8,18:08,22.6,45.2
Zach Werenski,CBJ,D,77,16,21,37,8,16,0.48,3,10,0,0,3,1,207,7.7,22:35,26.6,0
Blake Wheeler,WPG,R,81,23,68,91,13,52,1.12,6,40,0,2,2,0,246,9.3,20:15,25.4,45.9
Colin White,OTT,C,21,2,4,6,1,8,0.29,0,0,0,0,1,0,24,8.3,13:21,17.9,33.3
Zach Whitecloud,VGK,D,1,0,0,0,3,0,--,0,0,0,0,0,0,0,0,16:42,20,0
Chris Wideman,OTT,D,16,3,5,8,5,6,0.5,2,2,0,0,0,0,24,12.5,11:33,17.4,0
Justin Williams,CAR,R,82,16,35,51,-9,56,0.62,2,12,0,0,2,0,198,8.1,16:35,21.9,44.8
Tom Wilson,WSH,R,78,14,21,35,10,187,0.45,0,1,1,1,1,0,123,11.4,15:59,20.1,46.3
Colin Wilson,COL,C,56,6,12,18,-5,6,0.32,1,6,0,0,1,0,75,8,13:08,17.6,52.2
Scott Wilson,PIT,C,69,6,8,14,-20,8,0.2,0,1,0,0,0,0,98,6.1,12:12,17.1,52.6
Tommy Wingels,CHI,C,75,9,8,17,-11,45,0.23,1,1,2,2,1,0,86,10.5,11:29,17.5,46.4
Daniel Winnik,MIN,L,81,6,17,23,5,27,0.28,0,1,0,0,0,0,82,7.3,13:34,18.2,44.7
Luke Witkowski,DET,R,31,1,3,4,-1,68,0.13,0,0,0,0,0,0,16,6.3,6:53,9.9,50
Christian Wolanin,OTT,D,10,1,2,3,-4,0,0.3,0,0,0,0,0,0,14,7.1,14:39,18.6,0
Miles Wood,NJD,L,76,19,13,32,-6,84,0.42,3,3,0,0,2,0,170,11.2,12:28,16.8,66.7
Nail Yakupov,COL,R,58,9,7,16,2,26,0.28,3,4,0,0,1,0,94,9.6,10:50,14.9,0
Kailer Yamamoto,EDM,R,9,0,3,3,-2,2,0.33,0,1,0,0,0,0,23,0,15:10,18.4,0
Keith Yandle,FLA,D,82,8,48,56,7,35,0.68,1,18,0,2,1,0,179,4.5,24:29:00,29.4,0
Pavel Zacha,NJD,C,69,8,17,25,-3,30,0.36,2,5,1,1,0,0,112,7.1,14:22,18.8,43.9
Nikita Zadorov,COL,D,77,7,13,20,4,103,0.26,0,1,0,0,1,0,94,7.4,19:28,24.6,0
Nikita Zaitsev,TOR,D,60,5,8,13,8,31,0.22,0,0,0,0,1,0,54,9.3,22:13,28.4,0
Travis Zajac,NJD,C,63,12,14,26,-8,25,0.41,2,6,1,2,0,0,91,13.2,17:54,22.9,50.9
Henrik Zetterberg,DET,C,82,11,45,56,1,14,0.68,1,18,0,0,2,0,180,6.1,19:30,23.5,48.4
Mika Zibanejad,NYR,C,72,27,20,47,-23,14,0.65,14,21,0,1,4,1,212,12.7,17:58,25,50.8
Mats Zuccarello,NYR,R,80,16,37,53,-10,36,0.66,1,17,0,0,3,2,178,9,18:55,23.9,26.3
Jason Zucker,MIN,L,82,33,31,64,8,44,0.78,7,16,1,2,7,0,222,14.9,16:58,20.6,22.2
Valentin Zykov,CAR,L,10,3,4,7,4,2,0.7,0,0,0,0,1,0,18,16.7,13:42,18.1,0
